posting_month,skill,skill_category,n_postings,postings_with_skills,postings,share_of_skilled,share_of_all
2023-01,Python,Programming Language,43,63,90,0.6825,0.4778
2023-01,R,Programming Language,29,63,90,0.4603,0.3222
2023-01,SQL,Programming Language,19,63,90,0.3016,0.2111
2023-01,SAS,Analytics / BI,14,63,90,0.2222,0.1556
2023-01,Java,Programming Language,13,63,90,0.2063,0.1444
2023-01,JavaScript,Programming Language,12,63,90,0.1905,0.1333
2023-01,C++,Programming Language,10,63,90,0.1587,0.1111
2023-01,Go,Programming Language,10,63,90,0.1587,0.1111
2023-01,Tableau,Analytics / BI,10,63,90,0.1587,0.1111
2023-01,Hadoop,Data Engineering,8,63,90,0.127,0.0889
2023-01,MATLAB,Programming Language,8,63,90,0.127,0.0889
2023-01,BigQuery,Cloud Platform,5,63,90,0.0794,0.0556
2023-01,C,Programming Language,5,63,90,0.0794,0.0556
2023-01,Plotly,Data Science Libraries,5,63,90,0.0794,0.0556
2023-01,TensorFlow,ML / AI,5,63,90,0.0794,0.0556
2023-01,Looker,Analytics / BI,4,63,90,0.0635,0.0444
2023-01,CSS,Web / Frontend,3,63,90,0.0476,0.0333
2023-01,HTML,Web / Frontend,3,63,90,0.0476,0.0333
2023-01,Linux,OS / Shell,3,63,90,0.0476,0.0333
2023-01,Machine Learning,ML / AI,3,63,90,0.0476,0.0333
2023-01,Spark,Data Engineering,3,63,90,0.0476,0.0333
2023-01,C#,Programming Language,2,63,90,0.0317,0.0222
2023-01,GitHub,DevOps / Infrastructure,2,63,90,0.0317,0.0222
2023-01,Kubernetes,DevOps / Infrastructure,2,63,90,0.0317,0.0222
2023-01,Oracle,Database,2,63,90,0.0317,0.0222
2023-01,SAP,Analytics / BI,2,63,90,0.0317,0.0222
2023-01,Scala,Programming Language,2,63,90,0.0317,0.0222
2023-01,Airflow,Data Engineering,1,63,90,0.0159,0.0111
2023-01,Cassandra,Database,1,63,90,0.0159,0.0111
2023-01,Cognos,Analytics / BI,1,63,90,0.0159,0.0111
2023-01,Express,Web / Frontend,1,63,90,0.0159,0.0111
2023-01,GCP,Cloud Platform,1,63,90,0.0159,0.0111
2023-01,MicroStrategy,Analytics / BI,1,63,90,0.0159,0.0111
2023-01,Microsoft Access,Database,1,63,90,0.0159,0.0111
2023-01,MongoDB,Database,1,63,90,0.0159,0.0111
2023-01,NoSQL,Database,1,63,90,0.0159,0.0111
2023-01,Perl,Programming Language,1,63,90,0.0159,0.0111
2023-01,Power BI,Analytics / BI,1,63,90,0.0159,0.0111
2023-01,Qlik,Analytics / BI,1,63,90,0.0159,0.0111
2023-01,Shell,OS / Shell,1,63,90,0.0159,0.0111
2023-01,Snowflake,Cloud Platform,1,63,90,0.0159,0.0111
2023-02,Python,Programming Language,13,19,22,0.6842,0.5909
2023-02,C++,Programming Language,9,19,22,0.4737,0.4091
2023-02,TensorFlow,ML / AI,7,19,22,0.3684,0.3182
2023-02,Go,Programming Language,6,19,22,0.3158,0.2727
2023-02,Java,Programming Language,6,19,22,0.3158,0.2727
2023-02,Linux,OS / Shell,5,19,22,0.2632,0.2273
2023-02,R,Programming Language,5,19,22,0.2632,0.2273
2023-02,Hadoop,Data Engineering,4,19,22,0.2105,0.1818
2023-02,JavaScript,Programming Language,4,19,22,0.2105,0.1818
2023-02,NoSQL,Database,4,19,22,0.2105,0.1818
2023-02,SAP,Analytics / BI,4,19,22,0.2105,0.1818
2023-02,MongoDB,Database,3,19,22,0.1579,0.1364
2023-02,Oracle,Database,3,19,22,0.1579,0.1364
2023-02,Scala,Programming Language,3,19,22,0.1579,0.1364
2023-02,Spark,Data Engineering,3,19,22,0.1579,0.1364
2023-02,BigQuery,Cloud Platform,1,19,22,0.0526,0.0455
2023-02,Dart,Programming Language,1,19,22,0.0526,0.0455
2023-02,Flutter,Web / Frontend,1,19,22,0.0526,0.0455
2023-02,Looker,Analytics / BI,1,19,22,0.0526,0.0455
2023-02,Objective-C,Programming Language,1,19,22,0.0526,0.0455
2023-02,SQL,Programming Language,1,19,22,0.0526,0.0455
2023-02,Snowflake,Cloud Platform,1,19,22,0.0526,0.0455
2023-02,Swift,Programming Language,1,19,22,0.0526,0.0455
2023-03,Python,Programming Language,30,47,57,0.6383,0.5263
2023-03,R,Programming Language,16,47,57,0.3404,0.2807
2023-03,SQL,Programming Language,14,47,57,0.2979,0.2456
2023-03,Java,Programming Language,13,47,57,0.2766,0.2281
2023-03,C++,Programming Language,9,47,57,0.1915,0.1579
2023-03,Go,Programming Language,9,47,57,0.1915,0.1579
2023-03,Hadoop,Data Engineering,8,47,57,0.1702,0.1404
2023-03,NoSQL,Database,8,47,57,0.1702,0.1404
2023-03,Machine Learning,ML / AI,7,47,57,0.1489,0.1228
2023-03,Scala,Programming Language,7,47,57,0.1489,0.1228
2023-03,TensorFlow,ML / AI,7,47,57,0.1489,0.1228
2023-03,JavaScript,Programming Language,6,47,57,0.1277,0.1053
2023-03,C,Programming Language,3,47,57,0.0638,0.0526
2023-03,Linux,OS / Shell,3,47,57,0.0638,0.0526
2023-03,C#,Programming Language,2,47,57,0.0426,0.0351
2023-03,Express,Web / Frontend,2,47,57,0.0426,0.0351
2023-03,MongoDB,Database,2,47,57,0.0426,0.0351
2023-03,Oracle,Database,2,47,57,0.0426,0.0351
2023-03,Spark,Data Engineering,2,47,57,0.0426,0.0351
2023-03,Bash,OS / Shell,1,47,57,0.0213,0.0175
2023-03,CSS,Web / Frontend,1,47,57,0.0213,0.0175
2023-03,Google Sheets,Analytics / BI,1,47,57,0.0213,0.0175
2023-03,HTML,Web / Frontend,1,47,57,0.0213,0.0175
2023-03,Jupyter,Data Science Libraries,1,47,57,0.0213,0.0175
2023-03,Keras,ML / AI,1,47,57,0.0213,0.0175
2023-03,Kotlin,Programming Language,1,47,57,0.0213,0.0175
2023-03,Looker,Analytics / BI,1,47,57,0.0213,0.0175
2023-03,Objective-C,Programming Language,1,47,57,0.0213,0.0175
2023-03,Perl,Programming Language,1,47,57,0.0213,0.0175
2023-03,PyTorch,ML / AI,1,47,57,0.0213,0.0175
2023-03,SAP,Analytics / BI,1,47,57,0.0213,0.0175
2023-03,SAS,Analytics / BI,1,47,57,0.0213,0.0175
2023-03,Shell,OS / Shell,1,47,57,0.0213,0.0175
2023-03,Swift,Programming Language,1,47,57,0.0213,0.0175
2023-03,Windows,OS / Shell,1,47,57,0.0213,0.0175
2023-03,macOS,OS / Shell,1,47,57,0.0213,0.0175
2023-03,scikit-learn,ML / AI,1,47,57,0.0213,0.0175
2023-04,Python,Programming Language,28,40,69,0.7,0.4058
2023-04,Go,Programming Language,11,40,69,0.275,0.1594
2023-04,SQL,Programming Language,11,40,69,0.275,0.1594
2023-04,Java,Programming Language,10,40,69,0.25,0.1449
2023-04,R,Programming Language,8,40,69,0.2,0.1159
2023-04,C++,Programming Language,6,40,69,0.15,0.087
2023-04,BigQuery,Cloud Platform,5,40,69,0.125,0.0725
2023-04,Linux,OS / Shell,5,40,69,0.125,0.0725
2023-04,Looker,Analytics / BI,5,40,69,0.125,0.0725
2023-04,Scala,Programming Language,5,40,69,0.125,0.0725
2023-04,Excel,Analytics / BI,3,40,69,0.075,0.0435
2023-04,Hadoop,Data Engineering,3,40,69,0.075,0.0435
2023-04,JavaScript,Programming Language,3,40,69,0.075,0.0435
2023-04,NoSQL,Database,3,40,69,0.075,0.0435
2023-04,TensorFlow,ML / AI,3,40,69,0.075,0.0435
2023-04,Airflow,Data Engineering,2,40,69,0.05,0.029
2023-04,C,Programming Language,2,40,69,0.05,0.029
2023-04,C#,Programming Language,2,40,69,0.05,0.029
2023-04,Docker,DevOps / Infrastructure,2,40,69,0.05,0.029
2023-04,Machine Learning,ML / AI,2,40,69,0.05,0.029
2023-04,Angular,Web / Frontend,1,40,69,0.025,0.0145
2023-04,Assembly,Programming Language,1,40,69,0.025,0.0145
2023-04,Azure,Cloud Platform,1,40,69,0.025,0.0145
2023-04,Bash,OS / Shell,1,40,69,0.025,0.0145
2023-04,Computer Vision,ML / AI,1,40,69,0.025,0.0145
2023-04,Express,Web / Frontend,1,40,69,0.025,0.0145
2023-04,Firebase,Cloud Platform,1,40,69,0.025,0.0145
2023-04,GCP,Cloud Platform,1,40,69,0.025,0.0145
2023-04,Google Sheets,Analytics / BI,1,40,69,0.025,0.0145
2023-04,Jupyter,Data Science Libraries,1,40,69,0.025,0.0145
2023-04,Kotlin,Programming Language,1,40,69,0.025,0.0145
2023-04,Kubernetes,DevOps / Infrastructure,1,40,69,0.025,0.0145
2023-04,Oracle,Database,1,40,69,0.025,0.0145
2023-04,PHP,Programming Language,1,40,69,0.025,0.0145
2023-04,React,Web / Frontend,1,40,69,0.025,0.0145
2023-04,Shell,OS / Shell,1,40,69,0.025,0.0145
2023-04,Snowflake,Cloud Platform,1,40,69,0.025,0.0145
2023-04,Spark,Data Engineering,1,40,69,0.025,0.0145
2023-04,Splunk,DevOps / Infrastructure,1,40,69,0.025,0.0145
2023-04,Tableau,Analytics / BI,1,40,69,0.025,0.0145
2023-04,Terraform,DevOps / Infrastructure,1,40,69,0.025,0.0145
2023-04,VMware,Cloud Platform,1,40,69,0.025,0.0145
2023-04,Windows,OS / Shell,1,40,69,0.025,0.0145
2023-04,macOS,OS / Shell,1,40,69,0.025,0.0145
2023-05,Python,Programming Language,31,38,61,0.8158,0.5082
2023-05,SQL,Programming Language,16,38,61,0.4211,0.2623
2023-05,Go,Programming Language,15,38,61,0.3947,0.2459
2023-05,Java,Programming Language,15,38,61,0.3947,0.2459
2023-05,R,Programming Language,11,38,61,0.2895,0.1803
2023-05,Hadoop,Data Engineering,10,38,61,0.2632,0.1639
2023-05,Scala,Programming Language,10,38,61,0.2632,0.1639
2023-05,NoSQL,Database,8,38,61,0.2105,0.1311
2023-05,C++,Programming Language,7,38,61,0.1842,0.1148
2023-05,JavaScript,Programming Language,7,38,61,0.1842,0.1148
2023-05,Spark,Data Engineering,6,38,61,0.1579,0.0984
2023-05,Excel,Analytics / BI,5,38,61,0.1316,0.082
2023-05,Linux,OS / Shell,5,38,61,0.1316,0.082
2023-05,TensorFlow,ML / AI,5,38,61,0.1316,0.082
2023-05,BigQuery,Cloud Platform,3,38,61,0.0789,0.0492
2023-05,MATLAB,Programming Language,3,38,61,0.0789,0.0492
2023-05,MongoDB,Database,3,38,61,0.0789,0.0492
2023-05,SAP,Analytics / BI,3,38,61,0.0789,0.0492
2023-05,pandas,Data Science Libraries,3,38,61,0.0789,0.0492
2023-05,Oracle,Database,2,38,61,0.0526,0.0328
2023-05,PyTorch,ML / AI,2,38,61,0.0526,0.0328
2023-05,SQL Server,Database,2,38,61,0.0526,0.0328
2023-05,AWS,Cloud Platform,1,38,61,0.0263,0.0164
2023-05,Azure,Cloud Platform,1,38,61,0.0263,0.0164
2023-05,C#,Programming Language,1,38,61,0.0263,0.0164
2023-05,Docker,DevOps / Infrastructure,1,38,61,0.0263,0.0164
2023-05,GCP,Cloud Platform,1,38,61,0.0263,0.0164
2023-05,GitHub,DevOps / Infrastructure,1,38,61,0.0263,0.0164
2023-05,Looker,Analytics / BI,1,38,61,0.0263,0.0164
2023-05,Machine Learning,ML / AI,1,38,61,0.0263,0.0164
2023-05,Objective-C,Programming Language,1,38,61,0.0263,0.0164
2023-05,Snowflake,Cloud Platform,1,38,61,0.0263,0.0164
2023-05,Terraform,DevOps / Infrastructure,1,38,61,0.0263,0.0164
2023-06,Python,Programming Language,23,54,78,0.4259,0.2949
2023-06,SQL,Programming Language,22,54,78,0.4074,0.2821
2023-06,R,Programming Language,17,54,78,0.3148,0.2179
2023-06,Looker,Analytics / BI,12,54,78,0.2222,0.1538
2023-06,Machine Learning,ML / AI,12,54,78,0.2222,0.1538
2023-06,Java,Programming Language,11,54,78,0.2037,0.141
2023-06,BigQuery,Cloud Platform,8,54,78,0.1481,0.1026
2023-06,C++,Programming Language,7,54,78,0.1296,0.0897
2023-06,Go,Programming Language,7,54,78,0.1296,0.0897
2023-06,Linux,OS / Shell,7,54,78,0.1296,0.0897
2023-06,TensorFlow,ML / AI,7,54,78,0.1296,0.0897
2023-06,Scala,Programming Language,5,54,78,0.0926,0.0641
2023-06,GCP,Cloud Platform,4,54,78,0.0741,0.0513
2023-06,JavaScript,Programming Language,4,54,78,0.0741,0.0513
2023-06,NoSQL,Database,4,54,78,0.0741,0.0513
2023-06,Hadoop,Data Engineering,3,54,78,0.0556,0.0385
2023-06,MongoDB,Database,3,54,78,0.0556,0.0385
2023-06,Snowflake,Cloud Platform,3,54,78,0.0556,0.0385
2023-06,pandas,Data Science Libraries,3,54,78,0.0556,0.0385
2023-06,Kubernetes,DevOps / Infrastructure,2,54,78,0.037,0.0256
2023-06,MATLAB,Programming Language,2,54,78,0.037,0.0256
2023-06,Oracle,Database,2,54,78,0.037,0.0256
2023-06,SAP,Analytics / BI,2,54,78,0.037,0.0256
2023-06,SAS,Analytics / BI,2,54,78,0.037,0.0256
2023-06,Spark,Data Engineering,2,54,78,0.037,0.0256
2023-06,AWS,Cloud Platform,1,54,78,0.0185,0.0128
2023-06,Ansible,DevOps / Infrastructure,1,54,78,0.0185,0.0128
2023-06,Azure,Cloud Platform,1,54,78,0.0185,0.0128
2023-06,Bash,OS / Shell,1,54,78,0.0185,0.0128
2023-06,C,Programming Language,1,54,78,0.0185,0.0128
2023-06,Chef,DevOps / Infrastructure,1,54,78,0.0185,0.0128
2023-06,Docker,DevOps / Infrastructure,1,54,78,0.0185,0.0128
2023-06,GDPR,Governance / Compliance,1,54,78,0.0185,0.0128
2023-06,Jenkins,DevOps / Infrastructure,1,54,78,0.0185,0.0128
2023-06,NumPy,Data Science Libraries,1,54,78,0.0185,0.0128
2023-06,Perl,Programming Language,1,54,78,0.0185,0.0128
2023-06,Puppet,DevOps / Infrastructure,1,54,78,0.0185,0.0128
2023-06,PyTorch,ML / AI,1,54,78,0.0185,0.0128
2023-06,Redshift,Cloud Platform,1,54,78,0.0185,0.0128
2023-06,Rust,Programming Language,1,54,78,0.0185,0.0128
2023-06,Shell,OS / Shell,1,54,78,0.0185,0.0128
2023-06,Splunk,DevOps / Infrastructure,1,54,78,0.0185,0.0128
2023-06,Tableau,Analytics / BI,1,54,78,0.0185,0.0128
2023-06,Terraform,DevOps / Infrastructure,1,54,78,0.0185,0.0128
2023-06,TypeScript,Programming Language,1,54,78,0.0185,0.0128
2023-07,SQL,Programming Language,31,67,92,0.4627,0.337
2023-07,Python,Programming Language,30,67,92,0.4478,0.3261
2023-07,Looker,Analytics / BI,18,67,92,0.2687,0.1957
2023-07,R,Programming Language,17,67,92,0.2537,0.1848
2023-07,BigQuery,Cloud Platform,11,67,92,0.1642,0.1196
2023-07,Java,Programming Language,9,67,92,0.1343,0.0978
2023-07,Machine Learning,ML / AI,8,67,92,0.1194,0.087
2023-07,C++,Programming Language,7,67,92,0.1045,0.0761
2023-07,Go,Programming Language,6,67,92,0.0896,0.0652
2023-07,JavaScript,Programming Language,6,67,92,0.0896,0.0652
2023-07,NoSQL,Database,6,67,92,0.0896,0.0652
2023-07,pandas,Data Science Libraries,6,67,92,0.0896,0.0652
2023-07,GCP,Cloud Platform,5,67,92,0.0746,0.0543
2023-07,Linux,OS / Shell,5,67,92,0.0746,0.0543
2023-07,NumPy,Data Science Libraries,5,67,92,0.0746,0.0543
2023-07,TensorFlow,ML / AI,5,67,92,0.0746,0.0543
2023-07,Power BI,Analytics / BI,4,67,92,0.0597,0.0435
2023-07,Snowflake,Cloud Platform,4,67,92,0.0597,0.0435
2023-07,Tableau,Analytics / BI,4,67,92,0.0597,0.0435
2023-07,Oracle,Database,3,67,92,0.0448,0.0326
2023-07,Scala,Programming Language,3,67,92,0.0448,0.0326
2023-07,TypeScript,Programming Language,3,67,92,0.0448,0.0326
2023-07,Airflow,Data Engineering,2,67,92,0.0299,0.0217
2023-07,Docker,DevOps / Infrastructure,2,67,92,0.0299,0.0217
2023-07,Hadoop,Data Engineering,2,67,92,0.0299,0.0217
2023-07,Kubernetes,DevOps / Infrastructure,2,67,92,0.0299,0.0217
2023-07,MongoDB,Database,2,67,92,0.0299,0.0217
2023-07,SAP,Analytics / BI,2,67,92,0.0299,0.0217
2023-07,SAS,Analytics / BI,2,67,92,0.0299,0.0217
2023-07,SPSS,Analytics / BI,2,67,92,0.0299,0.0217
2023-07,Spark,Data Engineering,2,67,92,0.0299,0.0217
2023-07,scikit-learn,ML / AI,2,67,92,0.0299,0.0217
2023-07,Angular,Web / Frontend,1,67,92,0.0149,0.0109
2023-07,Ansible,DevOps / Infrastructure,1,67,92,0.0149,0.0109
2023-07,C#,Programming Language,1,67,92,0.0149,0.0109
2023-07,CSS,Web / Frontend,1,67,92,0.0149,0.0109
2023-07,Chef,DevOps / Infrastructure,1,67,92,0.0149,0.0109
2023-07,Express,Web / Frontend,1,67,92,0.0149,0.0109
2023-07,HTML,Web / Frontend,1,67,92,0.0149,0.0109
2023-07,Jenkins,DevOps / Infrastructure,1,67,92,0.0149,0.0109
2023-07,Kotlin,Programming Language,1,67,92,0.0149,0.0109
2023-07,MATLAB,Programming Language,1,67,92,0.0149,0.0109
2023-07,Microsoft Outlook,Office / Productivity,1,67,92,0.0149,0.0109
2023-07,Objective-C,Programming Language,1,67,92,0.0149,0.0109
2023-07,Puppet,DevOps / Infrastructure,1,67,92,0.0149,0.0109
2023-07,Rust,Programming Language,1,67,92,0.0149,0.0109
2023-07,Swift,Programming Language,1,67,92,0.0149,0.0109
2023-07,Unix,OS / Shell,1,67,92,0.0149,0.0109
2023-08,Python,Programming Language,43,68,102,0.6324,0.4216
2023-08,SQL,Programming Language,32,68,102,0.4706,0.3137
2023-08,R,Programming Language,29,68,102,0.4265,0.2843
2023-08,Java,Programming Language,16,68,102,0.2353,0.1569
2023-08,C++,Programming Language,13,68,102,0.1912,0.1275
2023-08,Machine Learning,ML / AI,11,68,102,0.1618,0.1078
2023-08,Go,Programming Language,10,68,102,0.1471,0.098
2023-08,Linux,OS / Shell,9,68,102,0.1324,0.0882
2023-08,TensorFlow,ML / AI,9,68,102,0.1324,0.0882
2023-08,Scala,Programming Language,8,68,102,0.1176,0.0784
2023-08,JavaScript,Programming Language,7,68,102,0.1029,0.0686
2023-08,Spark,Data Engineering,6,68,102,0.0882,0.0588
2023-08,Hadoop,Data Engineering,5,68,102,0.0735,0.049
2023-08,Looker,Analytics / BI,5,68,102,0.0735,0.049
2023-08,PyTorch,ML / AI,5,68,102,0.0735,0.049
2023-08,NoSQL,Database,4,68,102,0.0588,0.0392
2023-08,Assembly,Programming Language,3,68,102,0.0441,0.0294
2023-08,BigQuery,Cloud Platform,3,68,102,0.0441,0.0294
2023-08,C,Programming Language,2,68,102,0.0294,0.0196
2023-08,C#,Programming Language,2,68,102,0.0294,0.0196
2023-08,Colocation,Facilities / Data Centre,2,68,102,0.0294,0.0196
2023-08,GCP,Cloud Platform,2,68,102,0.0294,0.0196
2023-08,Kubernetes,DevOps / Infrastructure,2,68,102,0.0294,0.0196
2023-08,MATLAB,Programming Language,2,68,102,0.0294,0.0196
2023-08,MongoDB,Database,2,68,102,0.0294,0.0196
2023-08,SAP,Analytics / BI,2,68,102,0.0294,0.0196
2023-08,SAS,Analytics / BI,2,68,102,0.0294,0.0196
2023-08,Tableau,Analytics / BI,2,68,102,0.0294,0.0196
2023-08,Unix,OS / Shell,2,68,102,0.0294,0.0196
2023-08,pandas,Data Science Libraries,2,68,102,0.0294,0.0196
2023-08,AWS,Cloud Platform,1,68,102,0.0147,0.0098
2023-08,Airflow,Data Engineering,1,68,102,0.0147,0.0098
2023-08,Azure,Cloud Platform,1,68,102,0.0147,0.0098
2023-08,Bash,OS / Shell,1,68,102,0.0147,0.0098
2023-08,Express,Web / Frontend,1,68,102,0.0147,0.0098
2023-08,MXNet,ML / AI,1,68,102,0.0147,0.0098
2023-08,Perl,Programming Language,1,68,102,0.0147,0.0098
2023-08,React,Web / Frontend,1,68,102,0.0147,0.0098
2023-08,Rust,Programming Language,1,68,102,0.0147,0.0098
2023-08,SPSS,Analytics / BI,1,68,102,0.0147,0.0098
2023-08,Shell,OS / Shell,1,68,102,0.0147,0.0098
2023-08,Splunk,DevOps / Infrastructure,1,68,102,0.0147,0.0098
2023-08,Terraform,DevOps / Infrastructure,1,68,102,0.0147,0.0098
2023-08,TypeScript,Programming Language,1,68,102,0.0147,0.0098
2023-08,Ubuntu,OS / Shell,1,68,102,0.0147,0.0098
2023-09,Python,Programming Language,26,44,65,0.5909,0.4
2023-09,SQL,Programming Language,20,44,65,0.4545,0.3077
2023-09,R,Programming Language,16,44,65,0.3636,0.2462
2023-09,C++,Programming Language,8,44,65,0.1818,0.1231
2023-09,Java,Programming Language,7,44,65,0.1591,0.1077
2023-09,Looker,Analytics / BI,7,44,65,0.1591,0.1077
2023-09,TensorFlow,ML / AI,7,44,65,0.1591,0.1077
2023-09,BigQuery,Cloud Platform,6,44,65,0.1364,0.0923
2023-09,Go,Programming Language,5,44,65,0.1136,0.0769
2023-09,Machine Learning,ML / AI,5,44,65,0.1136,0.0769
2023-09,PyTorch,ML / AI,4,44,65,0.0909,0.0615
2023-09,Express,Web / Frontend,3,44,65,0.0682,0.0462
2023-09,JavaScript,Programming Language,3,44,65,0.0682,0.0462
2023-09,Linux,OS / Shell,3,44,65,0.0682,0.0462
2023-09,MATLAB,Programming Language,3,44,65,0.0682,0.0462
2023-09,NoSQL,Database,3,44,65,0.0682,0.0462
2023-09,Scala,Programming Language,3,44,65,0.0682,0.0462
2023-09,Airflow,Data Engineering,2,44,65,0.0455,0.0308
2023-09,C,Programming Language,2,44,65,0.0455,0.0308
2023-09,GCP,Cloud Platform,2,44,65,0.0455,0.0308
2023-09,Spark,Data Engineering,2,44,65,0.0455,0.0308
2023-09,Tableau,Analytics / BI,2,44,65,0.0455,0.0308
2023-09,scikit-learn,ML / AI,2,44,65,0.0455,0.0308
2023-09,Hadoop,Data Engineering,1,44,65,0.0227,0.0154
2023-09,Kafka,Data Engineering,1,44,65,0.0227,0.0154
2023-09,Keras,ML / AI,1,44,65,0.0227,0.0154
2023-09,Kubernetes,DevOps / Infrastructure,1,44,65,0.0227,0.0154
2023-09,MXNet,ML / AI,1,44,65,0.0227,0.0154
2023-09,MongoDB,Database,1,44,65,0.0227,0.0154
2023-09,Perl,Programming Language,1,44,65,0.0227,0.0154
2023-09,SAP,Analytics / BI,1,44,65,0.0227,0.0154
2023-09,SAS,Analytics / BI,1,44,65,0.0227,0.0154
2023-09,SPSS,Analytics / BI,1,44,65,0.0227,0.0154
2023-09,Snowflake,Cloud Platform,1,44,65,0.0227,0.0154
2023-09,Unix,OS / Shell,1,44,65,0.0227,0.0154
2023-09,pandas,Data Science Libraries,1,44,65,0.0227,0.0154
2023-10,Python,Programming Language,30,50,70,0.6,0.4286
2023-10,SQL,Programming Language,28,50,70,0.56,0.4
2023-10,R,Programming Language,21,50,70,0.42,0.3
2023-10,BigQuery,Cloud Platform,10,50,70,0.2,0.1429
2023-10,JavaScript,Programming Language,7,50,70,0.14,0.1
2023-10,C,Programming Language,6,50,70,0.12,0.0857
2023-10,Go,Programming Language,6,50,70,0.12,0.0857
2023-10,Java,Programming Language,6,50,70,0.12,0.0857
2023-10,Looker,Analytics / BI,6,50,70,0.12,0.0857
2023-10,Tableau,Analytics / BI,6,50,70,0.12,0.0857
2023-10,GCP,Cloud Platform,5,50,70,0.1,0.0714
2023-10,C++,Programming Language,4,50,70,0.08,0.0571
2023-10,Linux,OS / Shell,4,50,70,0.08,0.0571
2023-10,Machine Learning,ML / AI,4,50,70,0.08,0.0571
2023-10,C#,Programming Language,3,50,70,0.06,0.0429
2023-10,Cognos,Analytics / BI,3,50,70,0.06,0.0429
2023-10,Hadoop,Data Engineering,3,50,70,0.06,0.0429
2023-10,MicroStrategy,Analytics / BI,3,50,70,0.06,0.0429
2023-10,Perl,Programming Language,3,50,70,0.06,0.0429
2023-10,Shell,OS / Shell,3,50,70,0.06,0.0429
2023-10,TensorFlow,ML / AI,3,50,70,0.06,0.0429
2023-10,Terraform,DevOps / Infrastructure,3,50,70,0.06,0.0429
2023-10,Ansible,DevOps / Infrastructure,2,50,70,0.04,0.0286
2023-10,Colocation,Facilities / Data Centre,2,50,70,0.04,0.0286
2023-10,Jenkins,DevOps / Infrastructure,2,50,70,0.04,0.0286
2023-10,MATLAB,Programming Language,2,50,70,0.04,0.0286
2023-10,MongoDB,Database,2,50,70,0.04,0.0286
2023-10,NoSQL,Database,2,50,70,0.04,0.0286
2023-10,React,Web / Frontend,2,50,70,0.04,0.0286
2023-10,Scala,Programming Language,2,50,70,0.04,0.0286
2023-10,Spark,Data Engineering,2,50,70,0.04,0.0286
2023-10,AWS,Cloud Platform,1,50,70,0.02,0.0143
2023-10,Azure,Cloud Platform,1,50,70,0.02,0.0143
2023-10,Docker,DevOps / Infrastructure,1,50,70,0.02,0.0143
2023-10,Express,Web / Frontend,1,50,70,0.02,0.0143
2023-10,GitHub,DevOps / Infrastructure,1,50,70,0.02,0.0143
2023-10,Google Sheets,Analytics / BI,1,50,70,0.02,0.0143
2023-10,HTML,Web / Frontend,1,50,70,0.02,0.0143
2023-10,MySQL,Database,1,50,70,0.02,0.0143
2023-10,Power BI,Analytics / BI,1,50,70,0.02,0.0143
2023-10,PyTorch,ML / AI,1,50,70,0.02,0.0143
2023-10,SAS,Analytics / BI,1,50,70,0.02,0.0143
2023-10,Snowflake,Cloud Platform,1,50,70,0.02,0.0143
2023-10,macOS,OS / Shell,1,50,70,0.02,0.0143
2023-10,pandas,Data Science Libraries,1,50,70,0.02,0.0143
2023-11,Python,Programming Language,32,45,60,0.7111,0.5333
2023-11,SQL,Programming Language,30,45,60,0.6667,0.5
2023-11,R,Programming Language,19,45,60,0.4222,0.3167
2023-11,Java,Programming Language,11,45,60,0.2444,0.1833
2023-11,C++,Programming Language,10,45,60,0.2222,0.1667
2023-11,C,Programming Language,8,45,60,0.1778,0.1333
2023-11,JavaScript,Programming Language,7,45,60,0.1556,0.1167
2023-11,Hadoop,Data Engineering,5,45,60,0.1111,0.0833
2023-11,Perl,Programming Language,5,45,60,0.1111,0.0833
2023-11,Machine Learning,ML / AI,4,45,60,0.0889,0.0667
2023-11,Shell,OS / Shell,4,45,60,0.0889,0.0667
2023-11,TensorFlow,ML / AI,4,45,60,0.0889,0.0667
2023-11,Express,Web / Frontend,3,45,60,0.0667,0.05
2023-11,Go,Programming Language,3,45,60,0.0667,0.05
2023-11,Linux,OS / Shell,3,45,60,0.0667,0.05
2023-11,Looker,Analytics / BI,3,45,60,0.0667,0.05
2023-11,MATLAB,Programming Language,3,45,60,0.0667,0.05
2023-11,Scala,Programming Language,3,45,60,0.0667,0.05
2023-11,Spark,Data Engineering,3,45,60,0.0667,0.05
2023-11,Windows,OS / Shell,3,45,60,0.0667,0.05
2023-11,Airflow,Data Engineering,2,45,60,0.0444,0.0333
2023-11,BigQuery,Cloud Platform,2,45,60,0.0444,0.0333
2023-11,GCP,Cloud Platform,2,45,60,0.0444,0.0333
2023-11,HTML,Web / Frontend,2,45,60,0.0444,0.0333
2023-11,Microsoft Word,Office / Productivity,2,45,60,0.0444,0.0333
2023-11,AWS,Cloud Platform,1,45,60,0.0222,0.0167
2023-11,Ansible,DevOps / Infrastructure,1,45,60,0.0222,0.0167
2023-11,CSS,Web / Frontend,1,45,60,0.0222,0.0167
2023-11,Chef,DevOps / Infrastructure,1,45,60,0.0222,0.0167
2023-11,Docker,DevOps / Infrastructure,1,45,60,0.0222,0.0167
2023-11,Elasticsearch,Database,1,45,60,0.0222,0.0167
2023-11,Jenkins,DevOps / Infrastructure,1,45,60,0.0222,0.0167
2023-11,Keras,ML / AI,1,45,60,0.0222,0.0167
2023-11,Kubernetes,DevOps / Infrastructure,1,45,60,0.0222,0.0167
2023-11,MXNet,ML / AI,1,45,60,0.0222,0.0167
2023-11,Microsoft Outlook,Office / Productivity,1,45,60,0.0222,0.0167
2023-11,MySQL,Database,1,45,60,0.0222,0.0167
2023-11,OpenStack,Cloud Platform,1,45,60,0.0222,0.0167
2023-11,Oracle,Database,1,45,60,0.0222,0.0167
2023-11,Puppet,DevOps / Infrastructure,1,45,60,0.0222,0.0167
2023-11,PyTorch,ML / AI,1,45,60,0.0222,0.0167
2023-11,React,Web / Frontend,1,45,60,0.0222,0.0167
2023-11,Redis,Database,1,45,60,0.0222,0.0167
2023-11,SAS,Analytics / BI,1,45,60,0.0222,0.0167
2023-11,SPSS,Analytics / BI,1,45,60,0.0222,0.0167
2023-11,SQL Server,Database,1,45,60,0.0222,0.0167
2023-11,Snowflake,Cloud Platform,1,45,60,0.0222,0.0167
2023-11,TypeScript,Programming Language,1,45,60,0.0222,0.0167
2023-11,Unix,OS / Shell,1,45,60,0.0222,0.0167
2023-11,macOS,OS / Shell,1,45,60,0.0222,0.0167
2023-12,Python,Programming Language,44,66,82,0.6667,0.5366
2023-12,SQL,Programming Language,31,66,82,0.4697,0.378
2023-12,R,Programming Language,27,66,82,0.4091,0.3293
2023-12,Java,Programming Language,16,66,82,0.2424,0.1951
2023-12,C++,Programming Language,13,66,82,0.197,0.1585
2023-12,SAS,Analytics / BI,10,66,82,0.1515,0.122
2023-12,TensorFlow,ML / AI,9,66,82,0.1364,0.1098
2023-12,BigQuery,Cloud Platform,8,66,82,0.1212,0.0976
2023-12,Go,Programming Language,8,66,82,0.1212,0.0976
2023-12,JavaScript,Programming Language,8,66,82,0.1212,0.0976
2023-12,Looker,Analytics / BI,8,66,82,0.1212,0.0976
2023-12,C,Programming Language,7,66,82,0.1061,0.0854
2023-12,Hadoop,Data Engineering,6,66,82,0.0909,0.0732
2023-12,MATLAB,Programming Language,6,66,82,0.0909,0.0732
2023-12,Machine Learning,ML / AI,5,66,82,0.0758,0.061
2023-12,NoSQL,Database,4,66,82,0.0606,0.0488
2023-12,Oracle,Database,4,66,82,0.0606,0.0488
2023-12,Perl,Programming Language,4,66,82,0.0606,0.0488
2023-12,Spark,Data Engineering,4,66,82,0.0606,0.0488
2023-12,Tableau,Analytics / BI,4,66,82,0.0606,0.0488
2023-12,Kafka,Data Engineering,3,66,82,0.0455,0.0366
2023-12,MySQL,Database,3,66,82,0.0455,0.0366
2023-12,PyTorch,ML / AI,3,66,82,0.0455,0.0366
2023-12,Scala,Programming Language,3,66,82,0.0455,0.0366
2023-12,TypeScript,Programming Language,3,66,82,0.0455,0.0366
2023-12,Colocation,Facilities / Data Centre,2,66,82,0.0303,0.0244
2023-12,Express,Web / Frontend,2,66,82,0.0303,0.0244
2023-12,GCP,Cloud Platform,2,66,82,0.0303,0.0244
2023-12,Google Sheets,Analytics / BI,2,66,82,0.0303,0.0244
2023-12,Keras,ML / AI,2,66,82,0.0303,0.0244
2023-12,Linux,OS / Shell,2,66,82,0.0303,0.0244
2023-12,MongoDB,Database,2,66,82,0.0303,0.0244
2023-12,React,Web / Frontend,2,66,82,0.0303,0.0244
2023-12,Redshift,Cloud Platform,2,66,82,0.0303,0.0244
2023-12,SAP,Analytics / BI,2,66,82,0.0303,0.0244
2023-12,SPSS,Analytics / BI,2,66,82,0.0303,0.0244
2023-12,Shell,OS / Shell,2,66,82,0.0303,0.0244
2023-12,Airflow,Data Engineering,1,66,82,0.0152,0.0122
2023-12,Angular,Web / Frontend,1,66,82,0.0152,0.0122
2023-12,C#,Programming Language,1,66,82,0.0152,0.0122
2023-12,CSS,Web / Frontend,1,66,82,0.0152,0.0122
2023-12,Cassandra,Database,1,66,82,0.0152,0.0122
2023-12,Docker,DevOps / Infrastructure,1,66,82,0.0152,0.0122
2023-12,HTML,Web / Frontend,1,66,82,0.0152,0.0122
2023-12,Jenkins,DevOps / Infrastructure,1,66,82,0.0152,0.0122
2023-12,Jupyter,Data Science Libraries,1,66,82,0.0152,0.0122
2023-12,Kubernetes,DevOps / Infrastructure,1,66,82,0.0152,0.0122
2023-12,Microsoft Outlook,Office / Productivity,1,66,82,0.0152,0.0122
2023-12,Microsoft Word,Office / Productivity,1,66,82,0.0152,0.0122
2023-12,Power BI,Analytics / BI,1,66,82,0.0152,0.0122
2023-12,Ruby,Programming Language,1,66,82,0.0152,0.0122
2023-12,Rust,Programming Language,1,66,82,0.0152,0.0122
2023-12,Snowflake,Cloud Platform,1,66,82,0.0152,0.0122
2023-12,Unix,OS / Shell,1,66,82,0.0152,0.0122
2023-12,pandas,Data Science Libraries,1,66,82,0.0152,0.0122
2023-12,scikit-learn,ML / AI,1,66,82,0.0152,0.0122
