key,model,horizon,origin,target,n_train,actual,predicted,error
databricks,naive,1,2023-06,2023-07,5,-2.330755969960742,-1.8946168546677629,-0.436139115292979
databricks,mean,1,2023-06,2023-07,5,-2.330755969960742,-2.4632264178659,0.13247044790515794
databricks,drift,1,2023-06,2023-07,5,-2.330755969960742,-1.7215382375947312,-0.6092177323660106
databricks,ses,1,2023-06,2023-07,5,-2.330755969960742,-2.471114994666742,0.14035902470600004
databricks,holt_damped,1,2023-06,2023-07,5,-2.330755969960742,-2.3541974001023465,0.023441430141604602
databricks,loglinear,1,2023-06,2023-07,5,-2.330755969960742,-2.1231806169016614,-0.20757535305908048
databricks,ar1,1,2023-06,2023-07,5,-2.330755969960742,-2.8281448010788592,0.4973888311181174
databricks,naive,1,2023-07,2023-08,6,-2.3025850929940455,-2.330755969960742,0.0281708769666964
databricks,mean,1,2023-07,2023-08,6,-2.3025850929940455,-2.4411480098817067,0.1385629168876612
databricks,drift,1,2023-07,2023-08,6,-2.3025850929940455,-2.2592136416153785,-0.043371451378666936
databricks,ses,1,2023-07,2023-08,6,-2.3025850929940455,-2.3981378416146755,0.09555274862063001
databricks,holt_damped,1,2023-07,2023-08,6,-2.3025850929940455,-2.2546614466916868,-0.04792364630235868
databricks,loglinear,1,2023-07,2023-08,6,-2.3025850929940455,-2.138496153749227,-0.16408893924481838
databricks,ar1,1,2023-07,2023-08,6,-2.3025850929940455,-2.4672692814718356,0.1646841884777901
databricks,naive,1,2023-08,2023-09,7,-2.330755969960742,-2.3025850929940455,-0.0281708769666964
databricks,mean,1,2023-08,2023-09,7,-2.330755969960742,-2.4213533074691838,0.0905973375084419
databricks,drift,1,2023-08,2023-09,7,-2.330755969960742,-2.237238686274206,-0.09351728368653589
databricks,ses,1,2023-08,2023-09,7,-2.330755969960742,-2.344023497731454,0.01326752777071194
databricks,holt_damped,1,2023-08,2023-09,7,-2.330755969960742,-2.1759919792550977,-0.15476399070564417
databricks,loglinear,1,2023-08,2023-09,7,-2.330755969960742,-2.1406891906733483,-0.19006677928739357
databricks,ar1,1,2023-08,2023-09,7,-2.330755969960742,-2.4474123543228083,0.11665638436206649
databricks,naive,1,2023-09,2023-10,8,-2.495956485974585,-2.330755969960742,-0.16520051601384322
databricks,mean,1,2023-09,2023-10,8,-2.495956485974585,-2.410028640280628,-0.08592784569395695
databricks,drift,1,2023-09,2023-10,8,-2.495956485974585,-2.2770992237017196,-0.2188572622728655
databricks,ses,1,2023-09,2023-10,8,-2.495956485974585,-2.339379863011705,-0.15657662296288022
databricks,holt_damped,1,2023-09,2023-10,8,-2.495956485974585,-2.13562253572226,-0.36033395025232506
databricks,loglinear,1,2023-09,2023-10,8,-2.495956485974585,-2.160592522802532,-0.3353639631720533
databricks,ar1,1,2023-09,2023-10,8,-2.495956485974585,-2.4263019684971447,-0.06965451747744034
databricks,naive,1,2023-10,2023-11,9,-1.5939337258981352,-2.495956485974585,0.9020227600764499
databricks,mean,1,2023-10,2023-11,9,-1.5939337258981352,-2.419576178691068,0.8256424527929327
databricks,drift,1,2023-10,2023-11,9,-1.5939337258981352,-2.466617213301437,0.8726834874033016
databricks,ses,1,2023-10,2023-11,9,-1.5939337258981352,-2.3992869878280896,0.8053532619299544
databricks,holt_damped,1,2023-10,2023-11,9,-1.5939337258981352,-2.2962759433355795,0.7023422174374443
databricks,loglinear,1,2023-10,2023-11,9,-1.5939337258981352,-2.2462150707427693,0.6522813448446341
databricks,ar1,1,2023-10,2023-11,9,-1.5939337258981352,-2.4036718696470802,0.809738143748945
databricks,naive,1,2023-11,2023-12,10,-2.3387647495715482,-1.5939337258981352,-0.744831023673413
databricks,mean,1,2023-11,2023-12,10,-2.3387647495715482,-2.3370119334117745,-0.0017528161597737402
databricks,drift,1,2023-11,2023-12,10,-2.3387647495715482,-1.4773261044846566,-0.8614386450868916
databricks,ses,1,2023-11,2023-12,10,-2.3387647495715482,-2.114094896746011,-0.2246698528255373
databricks,holt_damped,1,2023-11,2023-12,10,-2.3387647495715482,-1.9666214337481909,-0.37214331582335736
databricks,loglinear,1,2023-11,2023-12,10,-2.3387647495715482,-1.9652203261141072,-0.373544423457441
databricks,ar1,1,2023-11,2023-12,10,-2.3387647495715482,-2.570919908225605,0.23215515865405667
databricks,naive,2,2023-06,2023-08,5,-2.3025850929940455,-1.8946168546677629,-0.4079682383262826
databricks,mean,2,2023-06,2023-08,5,-2.3025850929940455,-2.4632264178659,0.16064132487185434
databricks,drift,2,2023-06,2023-08,5,-2.3025850929940455,-1.5484596205216996,-0.7541254724723458
databricks,ses,2,2023-06,2023-08,5,-2.3025850929940455,-2.471114994666742,0.16852990167269644
databricks,holt_damped,2,2023-06,2023-08,5,-2.3025850929940455,-2.2616469928738847,-0.04093810012016075
databricks,loglinear,2,2023-06,2023-08,5,-2.3025850929940455,-2.0169163041003375,-0.28566878889370795
databricks,ar1,2,2023-06,2023-08,5,-2.3025850929940455,-2.2290315765801267,-0.07355351641391872
databricks,naive,2,2023-07,2023-09,6,-2.330755969960742,-2.330755969960742,0.0
databricks,mean,2,2023-07,2023-09,6,-2.330755969960742,-2.4411480098817067,0.1103920399209648
databricks,drift,2,2023-07,2023-09,6,-2.330755969960742,-2.1876713132700156,-0.14308465669072623
databricks,ses,2,2023-07,2023-09,6,-2.330755969960742,-2.3981378416146755,0.06738187165393361
databricks,holt_damped,2,2023-07,2023-09,6,-2.330755969960742,-2.161710732656995,-0.169045237303747
databricks,loglinear,2,2023-07,2023-09,6,-2.330755969960742,-2.055954738440369,-0.2748012315203727
databricks,ar1,2,2023-07,2023-09,6,-2.330755969960742,-2.4349671219302405,0.1042111519694986
databricks,naive,2,2023-08,2023-10,7,-2.495956485974585,-2.3025850929940455,-0.19337139298053962
databricks,mean,2,2023-08,2023-10,7,-2.495956485974585,-2.4213533074691838,-0.07460317850540132
databricks,drift,2,2023-08,2023-10,7,-2.495956485974585,-2.171892279554367,-0.32406420642021816
databricks,ses,2,2023-08,2023-10,7,-2.495956485974585,-2.344023497731454,-0.15193298824313128
databricks,holt_damped,2,2023-08,2023-10,7,-2.495956485974585,-2.089502866491978,-0.40645361948260694
databricks,loglinear,2,2023-08,2023-10,7,-2.495956485974585,-2.0729426797226296,-0.4230138062519555
databricks,ar1,2,2023-08,2023-10,7,-2.495956485974585,-2.415635667224103,-0.08032081875048203
databricks,naive,2,2023-09,2023-11,8,-1.5939337258981352,-2.330755969960742,0.7368222440626067
databricks,mean,2,2023-09,2023-11,8,-1.5939337258981352,-2.410028640280628,0.8160949143824929
databricks,drift,2,2023-09,2023-11,8,-1.5939337258981352,-2.2234424774426973,0.6295087515445621
databricks,ses,2,2023-09,2023-11,8,-1.5939337258981352,-2.339379863011705,0.7454461371135697
databricks,holt_damped,2,2023-09,2023-11,8,-1.5939337258981352,-2.065726738881773,0.4717930129836376
databricks,loglinear,2,2023-09,2023-11,8,-1.5939337258981352,-2.1066603892937543,0.5127266633956191
databricks,ar1,2,2023-09,2023-11,8,-1.5939337258981352,-2.406688003335085,0.8127542774369498
databricks,naive,2,2023-10,2023-12,9,-2.3387647495715482,-2.495956485974585,0.15719173640303685
databricks,mean,2,2023-10,2023-12,9,-2.3387647495715482,-2.419576178691068,0.08081142911951966
databricks,drift,2,2023-10,2023-12,9,-2.3387647495715482,-2.437277940628288,0.09851319105673984
databricks,ses,2,2023-10,2023-12,9,-2.3387647495715482,-2.3992869878280896,0.06052223825654135
databricks,holt_damped,2,2023-10,2023-12,9,-2.3387647495715482,-2.287493683325856,-0.05127106624569233
databricks,loglinear,2,2023-10,2023-12,9,-2.3387647495715482,-2.212296593100711,-0.1264681564708372
databricks,ar1,2,2023-10,2023-12,9,-2.3387647495715482,-2.422887857514613,0.08412310794306466
databricks,naive,3,2023-06,2023-09,5,-2.330755969960742,-1.8946168546677629,-0.436139115292979
databricks,mean,3,2023-06,2023-09,5,-2.330755969960742,-2.4632264178659,0.13247044790515794
databricks,drift,3,2023-06,2023-09,5,-2.330755969960742,-1.375381003448668,-0.9553749665120739
databricks,ses,3,2023-06,2023-09,5,-2.330755969960742,-2.471114994666742,0.14035902470600004
databricks,holt_damped,3,2023-06,2023-09,5,-2.330755969960742,-2.1709475937899922,-0.1598083761707496
databricks,loglinear,3,2023-06,2023-09,5,-2.330755969960742,-1.9106519912990134,-0.42010397866172844
databricks,ar1,3,2023-06,2023-09,5,-2.330755969960742,-2.613526392347757,0.28277042238701533
databricks,naive,3,2023-07,2023-10,6,-2.495956485974585,-2.330755969960742,-0.16520051601384322
databricks,mean,3,2023-07,2023-10,6,-2.495956485974585,-2.4411480098817067,-0.05480847609287842
databricks,drift,3,2023-07,2023-10,6,-2.495956485974585,-2.1161289849246523,-0.3798275010499328
databricks,ses,3,2023-07,2023-10,6,-2.495956485974585,-2.3981378416146755,-0.09781864435990961
databricks,holt_damped,3,2023-07,2023-10,6,-2.495956485974585,-2.070619032902997,-0.4253374530715881
databricks,loglinear,3,2023-07,2023-10,6,-2.495956485974585,-1.9734133231315107,-0.5225431628430743
databricks,ar1,3,2023-07,2023-10,6,-2.495956485974585,-2.442610548783642,-0.05334593719094327
databricks,naive,3,2023-08,2023-11,7,-1.5939337258981352,-2.3025850929940455,0.7086513670959103
databricks,mean,3,2023-08,2023-11,7,-1.5939337258981352,-2.4213533074691838,0.8274195815710486
databricks,drift,3,2023-08,2023-11,7,-1.5939337258981352,-2.1065458728345274,0.5126121469363922
databricks,ses,3,2023-08,2023-11,7,-1.5939337258981352,-2.344023497731454,0.7500897718333186
databricks,holt_damped,3,2023-08,2023-11,7,-1.5939337258981352,-2.004743535984121,0.4108098100859858
databricks,loglinear,3,2023-08,2023-11,7,-1.5939337258981352,-2.005196168771911,0.41126244287377567
databricks,ar1,3,2023-08,2023-11,7,-1.5939337258981352,-2.422607820351247,0.8286740944531119
databricks,naive,3,2023-09,2023-12,8,-2.3387647495715482,-2.330755969960742,-0.008008779610806371
databricks,mean,3,2023-09,2023-12,8,-2.3387647495715482,-2.410028640280628,0.0712638907090799
databricks,drift,3,2023-09,2023-12,8,-2.3387647495715482,-2.1697857311836746,-0.16897901838787366
databricks,ses,3,2023-09,2023-12,8,-2.3387647495715482,-2.339379863011705,0.0006151134401566338
databricks,holt_damped,3,2023-09,2023-12,8,-2.3387647495715482,-1.9972288579780955,-0.34153589159345277
databricks,loglinear,3,2023-09,2023-12,8,-2.3387647495715482,-2.0527282557849764,-0.2860364937865718
databricks,ar1,3,2023-09,2023-12,8,-2.3387647495715482,-2.4107144161129255,0.07194966654137724
google,naive,1,2023-06,2023-07,5,-1.084818966535774,-1.3068301897656438,0.22201122322986988
google,mean,1,2023-06,2023-07,5,-1.084818966535774,-1.1478338747120262,0.06301490817625233
google,drift,1,2023-06,2023-07,5,-1.084818966535774,-1.2983916344542408,0.21357266791846685
google,ses,1,2023-06,2023-07,5,-1.084818966535774,-1.3007072930163188,0.2158883264805449
google,holt_damped,1,2023-06,2023-07,5,-1.084818966535774,-1.2974189458090197,0.2125999792732458
google,loglinear,1,2023-06,2023-07,5,-1.084818966535774,-1.1288583321656884,0.044039365629914506
google,ar1,1,2023-06,2023-07,5,-1.084818966535774,-1.152436655254111,0.06761768871833707
google,naive,1,2023-07,2023-08,6,-1.4307461236907244,-1.084818966535774,-0.3459271571549505
google,mean,1,2023-07,2023-08,6,-1.4307461236907244,-1.1373313900159843,-0.29341473367474014
google,drift,1,2023-07,2023-08,6,-1.4307461236907244,-1.0407849665712932,-0.38996115711943125
google,ses,1,2023-07,2023-08,6,-1.4307461236907244,-1.1500891575909407,-0.28065696609978374
google,holt_damped,1,2023-07,2023-08,6,-1.4307461236907244,-1.1449906842056956,-0.2857554394850288
google,loglinear,1,2023-07,2023-08,6,-1.4307461236907244,-1.097133989536722,-0.33361213415400237
google,ar1,1,2023-07,2023-08,6,-1.4307461236907244,-1.1400391401482466,-0.2907069835424778
google,naive,1,2023-08,2023-09,7,-1.4434527749598391,-1.4307461236907244,-0.012706651269114744
google,mean,1,2023-08,2023-09,7,-1.4434527749598391,-1.1792477805409471,-0.264204994418892
google,drift,1,2023-08,2023-09,7,-1.4434527749598391,-1.442420860457591,-0.0010319145022481546
google,ses,1,2023-08,2023-09,7,-1.4434527749598391,-1.245329737879887,-0.19812303707995205
google,holt_damped,1,2023-08,2023-09,7,-1.4434527749598391,-1.2317365246517458,-0.21171625030809338
google,loglinear,1,2023-08,2023-09,7,-1.4434527749598391,-1.2584461805898615,-0.18500659436997768
google,ar1,1,2023-08,2023-09,7,-1.4434527749598391,-1.1553266301777907,-0.28812614478204845
google,naive,1,2023-09,2023-10,8,-1.3973441973064755,-1.4434527749598391,0.046108577653363625
google,mean,1,2023-09,2023-10,8,-1.3973441973064755,-1.2122734048433086,-0.18507079246316693
google,drift,1,2023-09,2023-10,8,-1.3973441973064755,-1.4552565010394867,0.05791230373301115
google,ses,1,2023-09,2023-10,8,-1.3973441973064755,-1.392294311028078,-0.00504988627839742
google,holt_damped,1,2023-09,2023-10,8,-1.3973441973064755,-1.400742774807714,0.003398577501238398
google,loglinear,1,2023-09,2023-10,8,-1.3973441973064755,-1.3628793599948237,-0.03446483731165184
google,ar1,1,2023-09,2023-10,8,-1.3973441973064755,-1.2634491841598552,-0.13389501314662033
google,naive,1,2023-10,2023-11,9,-1.9993988340062996,-1.3973441973064755,-0.6020546366998241
google,mean,1,2023-10,2023-11,9,-1.9993988340062996,-1.2328368262281049,-0.7665620077781947
google,drift,1,2023-10,2023-11,9,-1.9993988340062996,-1.402713222971344,-0.5966856110349557
google,ses,1,2023-10,2023-11,9,-1.9993988340062996,-1.3953242427951165,-0.6040745912111831
google,holt_damped,1,2023-10,2023-11,9,-1.9993988340062996,-1.4042411917924242,-0.5951576422138753
google,loglinear,1,2023-10,2023-11,9,-1.9993988340062996,-1.4097846291547431,-0.5896142048515565
google,ar1,1,2023-10,2023-11,9,-1.9993988340062996,-1.2869875226496388,-0.7124113113566608
google,naive,1,2023-11,2023-12,10,-1.4545623322488934,-1.9993988340062996,0.5448365017574062
google,mean,1,2023-11,2023-12,10,-1.4545623322488934,-1.3094930270059244,-0.14506930524296902
google,drift,1,2023-11,2023-12,10,-1.4545623322488934,-2.0644364207746637,0.6098740885257703
google,ses,1,2023-11,2023-12,10,-1.4545623322488934,-1.820193756993747,0.36563142474485355
google,holt_damped,1,2023-11,2023-12,10,-1.4545623322488934,-1.8730904672789856,0.41852813503009223
google,loglinear,1,2023-11,2023-12,10,-1.4545623322488934,-1.6677435654253996,0.21318123317650617
google,ar1,1,2023-11,2023-12,10,-1.4545623322488934,-1.7221354787060197,0.26757314645712627
google,naive,2,2023-06,2023-08,5,-1.4307461236907244,-1.3068301897656438,-0.1239159339250806
google,mean,2,2023-06,2023-08,5,-1.4307461236907244,-1.1478338747120262,-0.28291224897869816
google,drift,2,2023-06,2023-08,5,-1.4307461236907244,-1.2899530791428377,-0.14079304454788666
google,ses,2,2023-06,2023-08,5,-1.4307461236907244,-1.3007072930163188,-0.13003883067440558
google,holt_damped,2,2023-06,2023-08,5,-1.4307461236907244,-1.3010446774690962,-0.12970144622162816
google,loglinear,2,2023-06,2023-08,5,-1.4307461236907244,-1.1229284751199577,-0.30781764857076666
google,ar1,2,2023-06,2023-08,5,-1.4307461236907244,-1.1479671204964423,-0.28277900319428206
google,naive,2,2023-07,2023-09,6,-1.4434527749598391,-1.084818966535774,-0.3586338084240652
google,mean,2,2023-07,2023-09,6,-1.4434527749598391,-1.1373313900159843,-0.3061213849438549
google,drift,2,2023-07,2023-09,6,-1.4434527749598391,-0.9967509666068123,-0.44670180835302686
google,ses,2,2023-07,2023-09,6,-1.4434527749598391,-1.1500891575909407,-0.2933636173688985
google,holt_damped,2,2023-07,2023-09,6,-1.4434527749598391,-1.142785278668499,-0.30066749629134004
google,loglinear,2,2023-07,2023-09,6,-1.4434527749598391,-1.086171062133287,-0.3572817128265522
google,ar1,2,2023-07,2023-09,6,-1.4434527749598391,-1.137191767612506,-0.3062610073473331
google,naive,2,2023-08,2023-10,7,-1.3973441973064755,-1.4307461236907244,0.03340192638424888
google,mean,2,2023-08,2023-10,7,-1.3973441973064755,-1.1792477805409471,-0.21809641676552838
google,drift,2,2023-08,2023-10,7,-1.3973441973064755,-1.4540955972244574,0.05675139991798184
google,ses,2,2023-08,2023-10,7,-1.3973441973064755,-1.245329737879887,-0.15201445942658842
google,holt_damped,2,2023-08,2023-10,7,-1.3973441973064755,-1.2314217325747359,-0.16592246473173966
google,loglinear,2,2023-08,2023-10,7,-1.3973441973064755,-1.2775630357740824,-0.11978116153239315
google,ar1,2,2023-08,2023-10,7,-1.3973441973064755,-1.1815230298627923,-0.21582116744368318
google,naive,2,2023-09,2023-11,8,-1.9993988340062996,-1.4434527749598391,-0.5559460590464604
google,mean,2,2023-09,2023-11,8,-1.9993988340062996,-1.2122734048433086,-0.787125429162991
google,drift,2,2023-09,2023-11,8,-1.9993988340062996,-1.4670602271191342,-0.5323386068871654
google,ses,2,2023-09,2023-11,8,-1.9993988340062996,-1.392294311028078,-0.6071045229782215
google,holt_damped,2,2023-09,2023-11,8,-1.9993988340062996,-1.4063619041531972,-0.5930369298531024
google,loglinear,2,2023-09,2023-11,8,-1.9993988340062996,-1.3954428097573137,-0.6039560242489859
google,ar1,2,2023-09,2023-11,8,-1.9993988340062996,-1.223602099040095,-0.7757967349662045
google,naive,2,2023-10,2023-12,9,-1.4545623322488934,-1.3973441973064755,-0.0572181349424179
google,mean,2,2023-10,2023-12,9,-1.4545623322488934,-1.2328368262281049,-0.22172550602078855
google,drift,2,2023-10,2023-12,9,-1.4545623322488934,-1.4080822486362126,-0.046480083612680856
google,ses,2,2023-10,2023-12,9,-1.4545623322488934,-1.3953242427951165,-0.059238089453776954
google,holt_damped,2,2023-10,2023-12,9,-1.4545623322488934,-1.408671242580787,-0.0458910896681064
google,loglinear,2,2023-10,2023-12,9,-1.4545623322488934,-1.444404851466477,-0.010157480782416517
google,ar1,2,2023-10,2023-12,9,-1.4545623322488934,-1.2506615468088027,-0.20390078544009071
google,naive,3,2023-06,2023-09,5,-1.4434527749598391,-1.3068301897656438,-0.13662258519419535
google,mean,3,2023-06,2023-09,5,-1.4434527749598391,-1.1478338747120262,-0.2956189002478129
google,drift,3,2023-06,2023-09,5,-1.4434527749598391,-1.2815145238314347,-0.16193825112840443
google,ses,3,2023-06,2023-09,5,-1.4434527749598391,-1.3007072930163188,-0.14274548194352032
google,holt_damped,3,2023-06,2023-09,5,-1.4434527749598391,-1.3039452627971575,-0.13950751216268165
google,loglinear,3,2023-06,2023-09,5,-1.4434527749598391,-1.1169986180742273,-0.32645415688561186
google,ar1,3,2023-06,2023-09,5,-1.4434527749598391,-1.1478377320410695,-0.2956150429187696
google,naive,3,2023-07,2023-10,6,-1.3973441973064755,-1.084818966535774,-0.3125252307707016
google,mean,3,2023-07,2023-10,6,-1.3973441973064755,-1.1373313900159843,-0.26001280729049125
google,drift,3,2023-07,2023-10,6,-1.3973441973064755,-0.9527169666423314,-0.4446272306641441
google,ses,3,2023-07,2023-10,6,-1.3973441973064755,-1.1500891575909407,-0.24725503971553486
google,holt_damped,3,2023-07,2023-10,6,-1.3973441973064755,-1.141020954238742,-0.2563232430677336
google,loglinear,3,2023-07,2023-10,6,-1.3973441973064755,-1.0752081347298517,-0.32213606257662386
google,ar1,3,2023-07,2023-10,6,-1.3973441973064755,-1.137338589504342,-0.26000560780213355
google,naive,3,2023-08,2023-11,7,-1.9993988340062996,-1.4307461236907244,-0.5686527103155752
google,mean,3,2023-08,2023-11,7,-1.9993988340062996,-1.1792477805409471,-0.8201510534653524
google,drift,3,2023-08,2023-11,7,-1.9993988340062996,-1.465770333991324,-0.5336285000149756
google,ses,3,2023-08,2023-11,7,-1.9993988340062996,-1.245329737879887,-0.7540690961264125
google,holt_damped,3,2023-08,2023-11,7,-1.9993988340062996,-1.231169898913128,-0.7682289350931717
google,loglinear,3,2023-08,2023-11,7,-1.9993988340062996,-1.296679890958303,-0.7027189430479965
google,ar1,3,2023-08,2023-11,7,-1.9993988340062996,-1.1790313712379676,-0.820367462768332
google,naive,3,2023-09,2023-12,8,-1.4545623322488934,-1.4434527749598391,-0.011109557289054273
google,mean,3,2023-09,2023-12,8,-1.4545623322488934,-1.2122734048433086,-0.24228892740558483
google,drift,3,2023-09,2023-12,8,-1.4545623322488934,-1.4788639531987817,0.024301620949888303
google,ses,3,2023-09,2023-12,8,-1.4545623322488934,-1.392294311028078,-0.06226802122081532
google,holt_damped,3,2023-09,2023-12,8,-1.4545623322488934,-1.4108572076295838,-0.04370512461930964
google,loglinear,3,2023-09,2023-12,8,-1.4545623322488934,-1.4280062595198035,-0.026556072729089886
google,ar1,3,2023-09,2023-12,8,-1.4545623322488934,-1.2147812183816322,-0.2397811138672612
meta,naive,1,2023-06,2023-07,5,-1.2809338454620642,-1.3350010667323402,0.05406722127027597
meta,mean,1,2023-06,2023-07,5,-1.2809338454620642,-1.556616933567457,0.27568308810539266
meta,drift,1,2023-06,2023-07,5,-1.2809338454620642,-1.1886287281842132,-0.09230511727785107
meta,ses,1,2023-06,2023-07,5,-1.2809338454620642,-1.3216719733776503,0.040738127915586064
meta,holt_damped,1,2023-06,2023-07,5,-1.2809338454620642,-1.2759575934849505,-0.00497625197711371
meta,loglinear,1,2023-06,2023-07,5,-1.2809338454620642,-0.9308921739468481,-0.35004167151521615
meta,ar1,1,2023-06,2023-07,5,-1.2809338454620642,-1.4525052344640745,0.1715713890020103
meta,naive,1,2023-07,2023-08,6,-1.1073459686368643,-1.2809338454620642,0.17358787682519994
meta,mean,1,2023-07,2023-08,6,-1.1073459686368643,-1.5106697522165582,0.4033237835796939
meta,drift,1,2023-07,2023-08,6,-1.1073459686368643,-1.1499456931269123,0.04259972449004801
meta,ses,1,2023-07,2023-08,6,-1.1073459686368643,-1.2829707518578435,0.17562478322097919
meta,holt_damped,1,2023-07,2023-08,6,-1.1073459686368643,-1.25871348428781,0.15136751565094575
meta,loglinear,1,2023-07,2023-08,6,-1.1073459686368643,-0.9403775941671775,-0.16696837446968682
meta,ar1,1,2023-07,2023-08,6,-1.1073459686368643,-1.4005506776520842,0.2932047090152199
meta,naive,1,2023-08,2023-09,7,-1.1411719030869056,-1.1073459686368643,-0.03382593445004134
meta,mean,1,2023-08,2023-09,7,-1.1411719030869056,-1.4530520688480304,0.31188016576112476
meta,drift,1,2023-08,2023-09,7,-1.1411719030869056,-0.9702721413745627,-0.1708997617123429
meta,ses,1,2023-08,2023-09,7,-1.1411719030869056,-1.1161272077979134,-0.025044695288992225
meta,holt_damped,1,2023-08,2023-09,7,-1.1411719030869056,-1.0847465283738713,-0.056425374713034326
meta,loglinear,1,2023-08,2023-09,7,-1.1411719030869056,-0.8710647429461782,-0.27010716014072744
meta,ar1,1,2023-08,2023-09,7,-1.1411719030869056,-1.27831589310736,0.1371439900204543
meta,naive,1,2023-09,2023-10,8,-1.540445040947149,-1.1411719030869056,-0.39927313786024343
meta,mean,1,2023-09,2023-10,8,-1.540445040947149,-1.4140670481278899,-0.1263779928192592
meta,drift,1,2023-09,2023-10,8,-1.540445040947149,-1.025460546038647,-0.5149844949085021
meta,ses,1,2023-09,2023-10,8,-1.540445040947149,-1.139919668322456,-0.4005253726246931
meta,holt_damped,1,2023-09,2023-10,8,-1.540445040947149,-1.1172355398422185,-0.4232095011049306
meta,loglinear,1,2023-09,2023-10,8,-1.540445040947149,-0.8551457389938015,-0.6852993019533475
meta,ar1,1,2023-09,2023-10,8,-1.540445040947149,-1.2715591767436976,-0.2688858642034515
meta,naive,1,2023-10,2023-11,9,-1.4508328822574619,-1.540445040947149,0.0896121586896872
meta,mean,1,2023-10,2023-11,9,-1.4508328822574619,-1.4281090473300297,-0.02272383492743213
meta,drift,1,2023-10,2023-11,9,-1.4508328822574619,-1.4819541833331684,0.031121301075706542
meta,ses,1,2023-10,2023-11,9,-1.4508328822574619,-1.5204187723159144,0.0695858900584525
meta,holt_damped,1,2023-10,2023-11,9,-1.4508328822574619,-1.5045212896575895,0.05368840740012759
meta,loglinear,1,2023-10,2023-11,9,-1.4508328822574619,-1.019470823699189,-0.4313620585582729
meta,ar1,1,2023-10,2023-11,9,-1.4508328822574619,-1.4798948701712147,0.029061987913752807
meta,naive,1,2023-11,2023-12,10,-1.7866961672715083,-1.4508328822574619,-0.3358632850140464
meta,mean,1,2023-11,2023-12,10,-1.7866961672715083,-1.4303814308227731,-0.3563147364487351
meta,drift,1,2023-11,2023-12,10,-1.7866961672715083,-1.3892298945359105,-0.39746627273559776
meta,ses,1,2023-11,2023-12,10,-1.7866961672715083,-1.4543121767603844,-0.3323839905111239
meta,holt_damped,1,2023-11,2023-12,10,-1.7866961672715083,-1.458682960455529,-0.32801320681597934
meta,loglinear,1,2023-11,2023-12,10,-1.7866961672715083,-1.102914586052711,-0.6837815812187973
meta,ar1,1,2023-11,2023-12,10,-1.7866961672715083,-1.4397744591985204,-0.34692170807298783
meta,naive,2,2023-06,2023-08,5,-1.1073459686368643,-1.3350010667323402,0.2276550980954759
meta,mean,2,2023-06,2023-08,5,-1.1073459686368643,-1.556616933567457,0.4492709649305926
meta,drift,2,2023-06,2023-08,5,-1.1073459686368643,-1.0422563896360861,-0.06508957900077816
meta,ses,2,2023-06,2023-08,5,-1.1073459686368643,-1.3216719733776503,0.214326004740786
meta,holt_damped,2,2023-06,2023-08,5,-1.1073459686368643,-1.2538765673660555,0.14653059872919116
meta,loglinear,2,2023-06,2023-08,5,-1.1073459686368643,-0.7353531865654079,-0.37199278207145636
meta,ar1,2,2023-06,2023-08,5,-1.1073459686368643,-1.50770687110222,0.4003609024653556
meta,naive,2,2023-07,2023-09,6,-1.1411719030869056,-1.2809338454620642,0.1397619423751586
meta,mean,2,2023-07,2023-09,6,-1.1411719030869056,-1.5106697522165582,0.36949784912965256
meta,drift,2,2023-07,2023-09,6,-1.1411719030869056,-1.0189575407917604,-0.12221436229514526
meta,ses,2,2023-07,2023-09,6,-1.1411719030869056,-1.2829707518578435,0.14179884877093785
meta,holt_damped,2,2023-07,2023-09,6,-1.1411719030869056,-1.2413352955065757,0.1001633924196701
meta,loglinear,2,2023-07,2023-09,6,-1.1411719030869056,-0.7848433692446191,-0.3563285338422866
meta,ar1,2,2023-07,2023-09,6,-1.1411719030869056,-1.4578864901037933,0.3167145870168877
meta,naive,2,2023-08,2023-10,7,-1.540445040947149,-1.1073459686368643,-0.43309907231028477
meta,mean,2,2023-08,2023-10,7,-1.540445040947149,-1.4530520688480304,-0.08739297209911867
meta,drift,2,2023-08,2023-10,7,-1.540445040947149,-0.8331983141122611,-0.707246726834888
meta,ses,2,2023-08,2023-10,7,-1.540445040947149,-1.1161272077979134,-0.42431783314923566
meta,holt_damped,2,2023-08,2023-10,7,-1.540445040947149,-1.0550528802580252,-0.48539216068912383
meta,loglinear,2,2023-08,2023-10,7,-1.540445040947149,-0.7305850435905588,-0.8098599973565903
meta,ar1,2,2023-08,2023-10,7,-1.540445040947149,-1.3647321604234341,-0.17571288052371492
meta,naive,2,2023-09,2023-11,8,-1.4508328822574619,-1.1411719030869056,-0.30966097917055624
meta,mean,2,2023-09,2023-11,8,-1.4508328822574619,-1.4140670481278899,-0.03676583412957202
meta,drift,2,2023-09,2023-11,8,-1.4508328822574619,-0.9097491889903881,-0.5410836932670737
meta,ses,2,2023-09,2023-11,8,-1.4508328822574619,-1.139919668322456,-0.3109132139350059
meta,holt_damped,2,2023-09,2023-11,8,-1.4508328822574619,-1.1018437158699126,-0.3489891663875493
meta,loglinear,2,2023-09,2023-11,8,-1.4508328822574619,-0.7342978883702149,-0.716534993887247
meta,ar1,2,2023-09,2023-11,8,-1.4508328822574619,-1.3396483793626264,-0.1111845028948355
meta,naive,2,2023-10,2023-12,9,-1.7866961672715083,-1.540445040947149,-0.2462511263243592
meta,mean,2,2023-10,2023-12,9,-1.7866961672715083,-1.4281090473300297,-0.3585871199414785
meta,drift,2,2023-10,2023-12,9,-1.7866961672715083,-1.4234633257191875,-0.3632328415523207
meta,ses,2,2023-10,2023-12,9,-1.7866961672715083,-1.5204187723159144,-0.2662773949555939
meta,holt_damped,2,2023-10,2023-12,9,-1.7866961672715083,-1.5089353097820482,-0.2777608574894601
meta,loglinear,2,2023-10,2023-12,9,-1.7866961672715083,-0.9395198669018506,-0.8471763003696576
meta,ar1,2,2023-10,2023-12,9,-1.7866961672715083,-1.4519818183002942,-0.3347143489712141
meta,naive,3,2023-06,2023-09,5,-1.1411719030869056,-1.3350010667323402,0.19382916364543457
meta,mean,3,2023-06,2023-09,5,-1.1411719030869056,-1.556616933567457,0.41544503048055126
meta,drift,3,2023-06,2023-09,5,-1.1411719030869056,-0.8958840510879589,-0.24528785199894676
meta,ses,3,2023-06,2023-09,5,-1.1411719030869056,-1.3216719733776503,0.18050007029074466
meta,holt_damped,3,2023-06,2023-09,5,-1.1411719030869056,-1.2362117464709395,0.09503984338403382
meta,loglinear,3,2023-06,2023-09,5,-1.1411719030869056,-0.5398141991839678,-0.6013577039029379
meta,ar1,3,2023-06,2023-09,5,-1.1411719030869056,-1.5336397443470797,0.3924678412601741
meta,naive,3,2023-07,2023-10,6,-1.540445040947149,-1.2809338454620642,-0.25951119548508483
meta,mean,3,2023-07,2023-10,6,-1.540445040947149,-1.5106697522165582,-0.029775288730590876
meta,drift,3,2023-07,2023-10,6,-1.540445040947149,-0.8879693884566086,-0.6524756524905405
meta,ses,3,2023-07,2023-10,6,-1.540445040947149,-1.2829707518578435,-0.2574742890893056
meta,holt_damped,3,2023-07,2023-10,6,-1.540445040947149,-1.2274327444815885,-0.3130122964655606
meta,loglinear,3,2023-07,2023-10,6,-1.540445040947149,-0.6293091443220606,-0.9111358966250884
meta,ar1,3,2023-07,2023-10,6,-1.540445040947149,-1.4853692057827645,-0.05507583516438452
meta,naive,3,2023-08,2023-11,7,-1.4508328822574619,-1.1073459686368643,-0.3434869136205976
meta,mean,3,2023-08,2023-11,7,-1.4508328822574619,-1.4530520688480304,0.0022191865905685226
meta,drift,3,2023-08,2023-11,7,-1.4508328822574619,-0.6961244868499594,-0.7547083954075025
meta,ses,3,2023-08,2023-11,7,-1.4508328822574619,-1.1161272077979134,-0.33470567445954846
meta,holt_damped,3,2023-08,2023-11,7,-1.4508328822574619,-1.0312979617653484,-0.4195349204921135
meta,loglinear,3,2023-08,2023-11,7,-1.4508328822574619,-0.5901053442349393,-0.8607275380225226
meta,ar1,3,2023-08,2023-11,7,-1.4508328822574619,-1.4084110196144373,-0.04242186264302461
meta,naive,3,2023-09,2023-12,8,-1.7866961672715083,-1.1411719030869056,-0.6455242641846026
meta,mean,3,2023-09,2023-12,8,-1.7866961672715083,-1.4140670481278899,-0.3726291191436184
meta,drift,3,2023-09,2023-12,8,-1.7866961672715083,-0.7940378319421294,-0.9926583353293789
meta,ses,3,2023-09,2023-12,8,-1.7866961672715083,-1.139919668322456,-0.6467764989490523
meta,holt_damped,3,2023-09,2023-12,8,-1.7866961672715083,-1.0895302566920677,-0.6971659105794406
meta,loglinear,3,2023-09,2023-12,8,-1.7866961672715083,-0.6134500377466283,-1.17324612952488
meta,ar1,3,2023-09,2023-12,8,-1.7866961672715083,-1.3752050666316993,-0.411491100639809
microsoft,naive,1,2023-06,2023-07,5,-1.8199303461947514,-1.6714733033535532,-0.1484570428411982
microsoft,mean,1,2023-06,2023-07,5,-1.8199303461947514,-1.860979125847908,0.041048779653156675
microsoft,drift,1,2023-06,2023-07,5,-1.8199303461947514,-1.7545814553729344,-0.06534889082181694
microsoft,ses,1,2023-06,2023-07,5,-1.8199303461947514,-1.8100134733764532,-0.009916872818298117
microsoft,holt_damped,1,2023-06,2023-07,5,-1.8199303461947514,-1.8427067306797924,0.022776384485041046
microsoft,loglinear,1,2023-06,2023-07,5,-1.8199303461947514,-2.1512321019503893,0.3313017557556379
microsoft,ar1,1,2023-06,2023-07,5,-1.8199303461947514,-1.8805901970388013,0.0606598508440499
microsoft,naive,1,2023-07,2023-08,6,-2.1058747987479913,-1.8199303461947514,-0.28594445255323997
microsoft,mean,1,2023-07,2023-08,6,-2.1058747987479913,-1.8541376625723818,-0.25173713617560955
microsoft,drift,1,2023-07,2023-08,6,-2.1058747987479913,-1.9139299800177687,-0.19194481873022262
microsoft,ses,1,2023-07,2023-08,6,-2.1058747987479913,-1.8139802225037724,-0.2918945762442189
microsoft,holt_damped,1,2023-07,2023-08,6,-2.1058747987479913,-1.8410501589364934,-0.26482463981149795
microsoft,loglinear,1,2023-07,2023-08,6,-2.1058747987479913,-2.047887985754112,-0.05798681299387942
microsoft,ar1,1,2023-07,2023-08,6,-2.1058747987479913,-1.857304264445223,-0.24857053430276843
microsoft,naive,1,2023-08,2023-09,7,-1.414465238086587,-2.1058747987479913,0.6914095606614044
microsoft,mean,1,2023-08,2023-09,7,-1.414465238086587,-1.8901001105974689,0.4756348725108819
microsoft,drift,1,2023-08,2023-09,7,-1.414465238086587,-2.2272951209610405,0.8128298828744536
microsoft,ses,1,2023-08,2023-09,7,-1.414465238086587,-1.9471825667675056,0.5327173286809186
microsoft,holt_damped,1,2023-08,2023-09,7,-1.414465238086587,-1.990694833291402,0.5762295952048151
microsoft,loglinear,1,2023-08,2023-09,7,-1.414465238086587,-2.130672992974135,0.7162077548875481
microsoft,ar1,1,2023-08,2023-09,7,-1.414465238086587,-1.865539746710153,0.45107450862356613
microsoft,naive,1,2023-09,2023-10,8,-1.1786549963416462,-1.414465238086587,0.2358102417449408
microsoft,mean,1,2023-09,2023-10,8,-1.1786549963416462,-1.8306457515336088,0.6519907551919626
microsoft,drift,1,2023-09,2023-10,8,-1.1786549963416462,-1.4342818249403295,0.25562682859868335
microsoft,ses,1,2023-09,2023-10,8,-1.1786549963416462,-1.7362526388359973,0.5575976424943512
microsoft,holt_damped,1,2023-09,2023-10,8,-1.1786549963416462,-1.7667721583923754,0.5881171620507293
microsoft,loglinear,1,2023-09,2023-10,8,-1.1786549963416462,-1.8584610389855492,0.679806042643903
microsoft,ar1,1,2023-09,2023-10,8,-1.1786549963416462,-1.894641966392957,0.7159869700513108
microsoft,naive,1,2023-10,2023-11,9,-1.2144441041932315,-1.1786549963416462,-0.03578910785158529
microsoft,mean,1,2023-10,2023-11,9,-1.2144441041932315,-1.7582023342900572,0.5437582300968258
microsoft,drift,1,2023-10,2023-11,9,-1.2144441041932315,-1.1700686022399793,-0.04437550195325213
microsoft,ses,1,2023-10,2023-11,9,-1.2144441041932315,-1.4694976212273416,0.25505351703411017
microsoft,holt_damped,1,2023-10,2023-11,9,-1.2144441041932315,-1.5058115445831035,0.29136744038987206
microsoft,loglinear,1,2023-10,2023-11,9,-1.2144441041932315,-1.581588124542783,0.3671440203495515
microsoft,ar1,1,2023-10,2023-11,9,-1.2144441041932315,-1.732869662277256,0.5184255580840245
microsoft,naive,1,2023-11,2023-12,10,-1.049097224140729,-1.2144441041932315,0.16534688005250242
microsoft,mean,1,2023-11,2023-12,10,-1.049097224140729,-1.7038265112803745,0.6547292871396455
microsoft,drift,1,2023-11,2023-12,10,-1.049097224140729,-1.21029526028689,0.1611980361461609
microsoft,ses,1,2023-11,2023-12,10,-1.049097224140729,-1.2970656363173758,0.24796841217664678
microsoft,holt_damped,1,2023-11,2023-12,10,-1.049097224140729,-1.3044372580612538,0.25534003392052473
microsoft,loglinear,1,2023-11,2023-12,10,-1.049097224140729,-1.4079634657839335,0.35886624164320446
microsoft,ar1,1,2023-11,2023-12,10,-1.049097224140729,-1.6065918625547844,0.5574946384140553
microsoft,naive,2,2023-06,2023-08,5,-2.1058747987479913,-1.6714733033535532,-0.4344014953944382
microsoft,mean,2,2023-06,2023-08,5,-2.1058747987479913,-1.860979125847908,-0.2448956729000833
microsoft,drift,2,2023-06,2023-08,5,-2.1058747987479913,-1.8376896073923157,-0.26818519135567565
microsoft,ses,2,2023-06,2023-08,5,-2.1058747987479913,-1.8100134733764532,-0.2958613253715381
microsoft,holt_damped,2,2023-06,2023-08,5,-2.1058747987479913,-1.8505251348822704,-0.2553496638657209
microsoft,loglinear,2,2023-06,2023-08,5,-2.1058747987479913,-2.241936156982415,0.13606135823442367
microsoft,ar1,2,2023-06,2023-08,5,-2.1058747987479913,-1.8589496678175843,-0.24692513093040702
microsoft,naive,2,2023-07,2023-09,6,-1.414465238086587,-1.8199303461947514,0.4054651081081644
microsoft,mean,2,2023-07,2023-09,6,-1.414465238086587,-1.8541376625723818,0.4396724244857948
microsoft,drift,2,2023-07,2023-09,6,-1.414465238086587,-2.007929613840786,0.5934643757541991
microsoft,ses,2,2023-07,2023-09,6,-1.414465238086587,-1.8139802225037724,0.39951498441718547
microsoft,holt_damped,2,2023-07,2023-09,6,-1.414465238086587,-1.8470133445770673,0.43254810649048037
microsoft,loglinear,2,2023-07,2023-09,6,-1.414465238086587,-2.1007289829854927,0.6862637448989057
microsoft,ar1,2,2023-07,2023-09,6,-1.414465238086587,-1.8538445274047357,0.43937928931814874
microsoft,naive,2,2023-08,2023-10,7,-1.1786549963416462,-2.1058747987479913,0.9272198024063452
microsoft,mean,2,2023-08,2023-10,7,-1.1786549963416462,-1.8901001105974689,0.7114451142558227
microsoft,drift,2,2023-08,2023-10,7,-1.1786549963416462,-2.3487154431740898,1.1700604468324436
microsoft,ses,2,2023-08,2023-10,7,-1.1786549963416462,-1.9471825667675056,0.7685275704258594
microsoft,holt_damped,2,2023-08,2023-10,7,-1.1786549963416462,-2.016378688338671,0.8377236919970248
microsoft,loglinear,2,2023-08,2023-10,7,-1.1786549963416462,-2.188742309409882,1.010087313068236
microsoft,ar1,2,2023-08,2023-10,7,-1.1786549963416462,-1.8928956723913368,0.7142406760496907
microsoft,naive,2,2023-09,2023-11,8,-1.2144441041932315,-1.414465238086587,0.20002113389335552
microsoft,mean,2,2023-09,2023-11,8,-1.2144441041932315,-1.8306457515336088,0.6162016473403773
microsoft,drift,2,2023-09,2023-11,8,-1.2144441041932315,-1.4540984117940718,0.2396543076008404
microsoft,ses,2,2023-09,2023-11,8,-1.2144441041932315,-1.7362526388359973,0.5218085346427659
microsoft,holt_damped,2,2023-09,2023-11,8,-1.2144441041932315,-1.7686625124655617,0.5542184082723303
microsoft,loglinear,2,2023-09,2023-11,8,-1.2144441041932315,-1.8644751551913743,0.6500310509981428
microsoft,ar1,2,2023-09,2023-11,8,-1.2144441041932315,-1.8208050324610057,0.6063609282677742
microsoft,naive,2,2023-10,2023-12,9,-1.049097224140729,-1.1786549963416462,0.12955777220091713
microsoft,mean,2,2023-10,2023-12,9,-1.049097224140729,-1.7582023342900572,0.7091051101493282
microsoft,drift,2,2023-10,2023-12,9,-1.049097224140729,-1.1614822081383127,0.11238498399758368
microsoft,ses,2,2023-10,2023-12,9,-1.049097224140729,-1.4694976212273416,0.4204003970866126
microsoft,holt_damped,2,2023-10,2023-12,9,-1.049097224140729,-1.498297008553009,0.4491997844122799
microsoft,loglinear,2,2023-10,2023-12,9,-1.049097224140729,-1.5470331704617946,0.4979359463210655
microsoft,ar1,2,2023-10,2023-12,9,-1.049097224140729,-1.757095014440086,0.707997790299357
microsoft,naive,3,2023-06,2023-09,5,-1.414465238086587,-1.6714733033535532,0.2570080652669662
microsoft,mean,3,2023-06,2023-09,5,-1.414465238086587,-1.860979125847908,0.44651388776132106
microsoft,drift,3,2023-06,2023-09,5,-1.414465238086587,-1.920797759411697,0.50633252132511
microsoft,ses,3,2023-06,2023-09,5,-1.414465238086587,-1.8100134733764532,0.39554823528986627
microsoft,holt_damped,3,2023-06,2023-09,5,-1.414465238086587,-1.856779858244253,0.442314620157666
microsoft,loglinear,3,2023-06,2023-09,5,-1.414465238086587,-2.3326402120144407,0.9181749739278537
microsoft,ar1,3,2023-06,2023-09,5,-1.414465238086587,-1.861189144967045,0.44672390688045804
microsoft,naive,3,2023-07,2023-10,6,-1.1786549963416462,-1.8199303461947514,0.6412753498531052
microsoft,mean,3,2023-07,2023-10,6,-1.1786549963416462,-1.8541376625723818,0.6754826662307356
microsoft,drift,3,2023-07,2023-10,6,-1.1786549963416462,-2.1019292476638034,0.9232742513221572
microsoft,ses,3,2023-07,2023-10,6,-1.1786549963416462,-1.8139802225037724,0.6353252261621263
microsoft,holt_damped,3,2023-07,2023-10,6,-1.1786549963416462,-1.8517838930895265,0.6731288967478803
microsoft,loglinear,3,2023-07,2023-10,6,-1.1786549963416462,-2.1535699802168735,0.9749149838752273
microsoft,ar1,3,2023-07,2023-10,6,-1.1786549963416462,-1.8541647983570373,0.6755098020153911
microsoft,naive,3,2023-08,2023-11,7,-1.2144441041932315,-2.1058747987479913,0.8914306945547599
microsoft,mean,3,2023-08,2023-11,7,-1.2144441041932315,-1.8901001105974689,0.6756560064042374
microsoft,drift,3,2023-08,2023-11,7,-1.2144441041932315,-2.470135765387139,1.2556916611939075
microsoft,ses,3,2023-08,2023-11,7,-1.2144441041932315,-1.9471825667675056,0.7327384625742741
microsoft,holt_damped,3,2023-08,2023-11,7,-1.2144441041932315,-2.041548866284994,0.8271047620917626
microsoft,loglinear,3,2023-08,2023-11,7,-1.2144441041932315,-2.2468116258456297,1.0323675216523982
microsoft,ar1,3,2023-08,2023-11,7,-1.2144441041932315,-1.8897819082377973,0.6753378040445659
microsoft,naive,3,2023-09,2023-12,8,-1.049097224140729,-1.414465238086587,0.36536801394585794
microsoft,mean,3,2023-09,2023-12,8,-1.049097224140729,-1.8306457515336088,0.7815485273928797
microsoft,drift,3,2023-09,2023-12,8,-1.049097224140729,-1.4739149986478144,0.42481777450708536
microsoft,ses,3,2023-09,2023-12,8,-1.049097224140729,-1.7362526388359973,0.6871554146952683
microsoft,holt_damped,3,2023-09,2023-12,8,-1.049097224140729,-1.7701747957241105,0.7210775715833815
microsoft,loglinear,3,2023-09,2023-12,8,-1.049097224140729,-1.8704892713971994,0.8213920472564704
microsoft,ar1,3,2023-09,2023-12,8,-1.049097224140729,-1.8321589621520606,0.7830617380113316
nvidia,naive,1,2023-06,2023-07,5,-2.379546134130174,-2.6931245508855346,0.3135784167553606
nvidia,mean,1,2023-06,2023-07,5,-2.379546134130174,-2.8471449860134874,0.4675988518833134
nvidia,drift,1,2023-06,2023-07,5,-2.379546134130174,-2.8374389451289113,0.45789281099873724
nvidia,ses,1,2023-06,2023-07,5,-2.379546134130174,-2.815464775451611,0.4359186413214369
nvidia,holt_damped,1,2023-06,2023-07,5,-2.379546134130174,-2.852958971542894,0.4734128374127198
nvidia,loglinear,1,2023-06,2023-07,5,-2.379546134130174,-3.2093032397536465,0.8297571056234725
nvidia,ar1,1,2023-06,2023-07,5,-2.379546134130174,-2.9236278067052353,0.5440816725750612
nvidia,naive,1,2023-07,2023-08,6,-1.774517662793549,-2.379546134130174,0.605028471336625
nvidia,mean,1,2023-07,2023-08,6,-1.774517662793549,-2.769211844032935,0.9946941812393859
nvidia,drift,1,2023-07,2023-08,6,-1.774517662793549,-2.4475450598737614,0.6730273970802123
nvidia,ses,1,2023-07,2023-08,6,-1.774517662793549,-2.5975054547908925,0.8229877919973434
nvidia,holt_damped,1,2023-07,2023-08,6,-1.774517662793549,-2.617982584342687,0.8434649215491381
nvidia,loglinear,1,2023-07,2023-08,6,-1.774517662793549,-2.8364771036108403,1.0619594408172912
nvidia,ar1,1,2023-07,2023-08,6,-1.774517662793549,-2.9220368762887667,1.1475192134952177
nvidia,naive,1,2023-08,2023-09,7,-2.330755969960742,-1.774517662793549,-0.5562383071671928
nvidia,mean,1,2023-08,2023-09,7,-2.330755969960742,-2.6271126752844514,0.2963567053237095
nvidia,drift,1,2023-08,2023-09,7,-2.330755969960742,-1.7463698175256774,-0.5843861524350644
nvidia,ses,1,2023-08,2023-09,7,-2.330755969960742,-2.0378294688048806,-0.2929265011558613
nvidia,holt_damped,1,2023-08,2023-09,7,-2.330755969960742,-1.9690075734086712,-0.3617483965520707
nvidia,loglinear,1,2023-08,2023-09,7,-2.330755969960742,-2.306433282835229,-0.024322687125512665
nvidia,ar1,1,2023-08,2023-09,7,-2.330755969960742,-2.6854971179179343,0.35474114795719247
nvidia,naive,1,2023-09,2023-10,8,-2.1129642337184795,-2.330755969960742,0.21779173624226233
nvidia,mean,1,2023-09,2023-10,8,-2.1129642337184795,-2.5900680871189876,0.4771038534005081
nvidia,drift,1,2023-09,2023-10,8,-2.1129642337184795,-2.3756563937472532,0.2626921600287737
nvidia,ses,1,2023-09,2023-10,8,-2.1129642337184795,-2.2326205735165905,0.11965633979811097
nvidia,holt_damped,1,2023-09,2023-10,8,-2.1129642337184795,-2.216156644921884,0.10319241120340461
nvidia,loglinear,1,2023-09,2023-10,8,-2.1129642337184795,-2.2402443895149515,0.127280155796472
nvidia,ar1,1,2023-09,2023-10,8,-2.1129642337184795,-2.5747027512340623,0.4617385175155828
nvidia,naive,1,2023-10,2023-11,9,-2.2617630984737906,-2.1129642337184795,-0.14879886475531112
nvidia,mean,1,2023-10,2023-11,9,-2.2617630984737906,-2.5370565478522646,0.275293449378474
nvidia,drift,1,2023-10,2023-11,9,-2.2617630984737906,-2.128676639724016,-0.13308645874977465
nvidia,ses,1,2023-10,2023-11,9,-2.2617630984737906,-2.160826769637724,-0.10093632883606674
nvidia,holt_damped,1,2023-10,2023-11,9,-2.2617630984737906,-2.143825746079162,-0.11793735239462855
nvidia,loglinear,1,2023-10,2023-11,9,-2.2617630984737906,-2.111641865219,-0.15012123325479054
nvidia,ar1,1,2023-10,2023-11,9,-2.2617630984737906,-2.488110179166812,0.22634708069302123
nvidia,naive,1,2023-11,2023-12,10,-2.392831970841824,-2.2617630984737906,-0.13106887236803333
nvidia,mean,1,2023-11,2023-12,10,-2.392831970841824,-2.509527202914417,0.11669523207259314
nvidia,drift,1,2023-11,2023-12,10,-2.392831970841824,-2.2907841503543045,-0.10204782048751948
nvidia,ses,1,2023-11,2023-12,10,-2.392831970841824,-2.221388566939364,-0.17144340390245993
nvidia,holt_damped,1,2023-11,2023-12,10,-2.392831970841824,-2.209086292276867,-0.18374567856495716
nvidia,loglinear,1,2023-11,2023-12,10,-2.392831970841824,-2.0852726612528762,-0.3075593095889477
nvidia,ar1,1,2023-11,2023-12,10,-2.392831970841824,-2.4712957439028207,0.07846377306099672
nvidia,naive,2,2023-06,2023-08,5,-1.774517662793549,-2.6931245508855346,0.9186068880919855
nvidia,mean,2,2023-06,2023-08,5,-1.774517662793549,-2.8471449860134874,1.0726273232199384
nvidia,drift,2,2023-06,2023-08,5,-1.774517662793549,-2.981753339372288,1.2072356765787389
nvidia,ses,2,2023-06,2023-08,5,-1.774517662793549,-2.815464775451611,1.0409471126580618
nvidia,holt_damped,2,2023-06,2023-08,5,-1.774517662793549,-2.8641572597973015,1.0896395970037525
nvidia,loglinear,2,2023-06,2023-08,5,-1.774517662793549,-3.3224776940474463,1.5479600312538973
nvidia,ar1,2,2023-06,2023-08,5,-1.774517662793549,-2.809165468191021,1.0346478053974721
nvidia,naive,2,2023-07,2023-09,6,-2.330755969960742,-2.379546134130174,0.04879016416943216
nvidia,mean,2,2023-07,2023-09,6,-2.330755969960742,-2.769211844032935,0.4384558740721931
nvidia,drift,2,2023-07,2023-09,6,-2.330755969960742,-2.5155439856173483,0.1847880156566064
nvidia,ses,2,2023-07,2023-09,6,-2.330755969960742,-2.5975054547908925,0.2667494848301506
nvidia,holt_damped,2,2023-07,2023-09,6,-2.330755969960742,-2.61936660954761,0.28861063958686817
nvidia,loglinear,2,2023-07,2023-09,6,-2.330755969960742,-2.854822174404814,0.5240662044440723
nvidia,ar1,2,2023-07,2023-09,6,-2.330755969960742,-2.709274595539029,0.3785186255782871
nvidia,naive,2,2023-08,2023-10,7,-2.1129642337184795,-1.774517662793549,-0.33844657092493047
nvidia,mean,2,2023-08,2023-10,7,-2.1129642337184795,-2.6271126752844514,0.5141484415659718
nvidia,drift,2,2023-08,2023-10,7,-2.1129642337184795,-1.7182219722578056,-0.3947422614606739
nvidia,ses,2,2023-08,2023-10,7,-2.1129642337184795,-2.0378294688048806,-0.07513476491359894
nvidia,holt_damped,2,2023-08,2023-10,7,-2.1129642337184795,-1.9496786780967388,-0.16328555562174074
nvidia,loglinear,2,2023-08,2023-10,7,-2.1129642337184795,-2.229027912244038,0.11606367852555843
nvidia,ar1,2,2023-08,2023-10,7,-2.1129642337184795,-2.6231145951975603,0.5101503614790808
nvidia,naive,2,2023-09,2023-11,8,-2.2617630984737906,-2.330755969960742,0.06899287148695121
nvidia,mean,2,2023-09,2023-11,8,-2.2617630984737906,-2.5900680871189876,0.32830498864519697
nvidia,drift,2,2023-09,2023-11,8,-2.2617630984737906,-2.4205568175337646,0.15879371905997397
nvidia,ses,2,2023-09,2023-11,8,-2.2617630984737906,-2.2326205735165905,-0.029142524957200155
nvidia,holt_damped,2,2023-09,2023-11,8,-2.2617630984737906,-2.2082178106700865,-0.053545287803704156
nvidia,loglinear,2,2023-09,2023-11,8,-2.2617630984737906,-2.164606833276241,-0.09715626519754972
nvidia,ar1,2,2023-09,2023-11,8,-2.2617630984737906,-2.5891576262063087,0.3273945277325181
nvidia,naive,2,2023-10,2023-12,9,-2.392831970841824,-2.1129642337184795,-0.27986773712334445
nvidia,mean,2,2023-10,2023-12,9,-2.392831970841824,-2.5370565478522646,0.14422457701044067
nvidia,drift,2,2023-10,2023-12,9,-2.392831970841824,-2.1443890457295525,-0.2484429251122715
nvidia,ses,2,2023-10,2023-12,9,-2.392831970841824,-2.160826769637724,-0.23200520120410006
nvidia,holt_damped,2,2023-10,2023-12,9,-2.392831970841824,-2.135493384382619,-0.25733858645920504
nvidia,loglinear,2,2023-10,2023-12,9,-2.392831970841824,-2.028408557747275,-0.3644234130945492
nvidia,ar1,2,2023-10,2023-12,9,-2.392831970841824,-2.5314074310735615,0.1385754602317375
nvidia,naive,3,2023-06,2023-09,5,-2.330755969960742,-2.6931245508855346,0.36236858092479274
nvidia,mean,3,2023-06,2023-09,5,-2.330755969960742,-2.8471449860134874,0.5163890160527456
nvidia,drift,3,2023-06,2023-09,5,-2.330755969960742,-3.1260677336156646,0.7953117636549227
nvidia,ses,3,2023-06,2023-09,5,-2.330755969960742,-2.815464775451611,0.48470880549086903
nvidia,holt_damped,3,2023-06,2023-09,5,-2.330755969960742,-2.8731158904008276,0.5423599204400857
nvidia,loglinear,3,2023-06,2023-09,5,-2.330755969960742,-3.435652148341246,1.1048961783805042
nvidia,ar1,3,2023-06,2023-09,5,-2.330755969960742,-2.8660046954355622,0.5352487254748204
nvidia,naive,3,2023-07,2023-10,6,-2.1129642337184795,-2.379546134130174,0.2665819004116945
nvidia,mean,3,2023-07,2023-10,6,-2.1129642337184795,-2.769211844032935,0.6562476103144554
nvidia,drift,3,2023-07,2023-10,6,-2.1129642337184795,-2.5835429113609356,0.4705786776424561
nvidia,ses,3,2023-07,2023-10,6,-2.1129642337184795,-2.5975054547908925,0.48454122107241293
nvidia,holt_damped,3,2023-07,2023-10,6,-2.1129642337184795,-2.620473829711548,0.5075095959930684
nvidia,loglinear,3,2023-07,2023-10,6,-2.1129642337184795,-2.873167245198788,0.7602030114803084
nvidia,ar1,3,2023-07,2023-10,6,-2.1129642337184795,-2.7927189469204143,0.6797547132019348
nvidia,naive,3,2023-08,2023-11,7,-2.2617630984737906,-1.774517662793549,-0.4872454356802416
nvidia,mean,3,2023-08,2023-11,7,-2.2617630984737906,-2.6271126752844514,0.3653495768106607
nvidia,drift,3,2023-08,2023-11,7,-2.2617630984737906,-1.690074126989934,-0.5716889714838567
nvidia,ses,3,2023-08,2023-11,7,-2.2617630984737906,-2.0378294688048806,-0.22393362966891006
nvidia,holt_damped,3,2023-08,2023-11,7,-2.2617630984737906,-1.934215561847193,-0.32754753662659764
nvidia,loglinear,3,2023-08,2023-11,7,-2.2617630984737906,-2.1516225416528467,-0.11014055682094392
nvidia,ar1,3,2023-08,2023-11,7,-2.2617630984737906,-2.6273864578823525,0.36562335940856183
nvidia,naive,3,2023-09,2023-12,8,-2.392831970841824,-2.330755969960742,-0.062076000881082116
nvidia,mean,3,2023-09,2023-12,8,-2.392831970841824,-2.5900680871189876,0.19723611627716364
nvidia,drift,3,2023-09,2023-12,8,-2.392831970841824,-2.465457241320276,0.07262527047845202
nvidia,ses,3,2023-09,2023-12,8,-2.392831970841824,-2.2326205735165905,-0.16021139732523348
nvidia,holt_damped,3,2023-09,2023-12,8,-2.392831970841824,-2.2018667432686487,-0.19096522757317524
nvidia,loglinear,3,2023-09,2023-12,8,-2.392831970841824,-2.0889692770375308,-0.3038626938042932
nvidia,ar1,3,2023-09,2023-12,8,-2.392831970841824,-2.5900141384725197,0.19718216763069574
snowflake,naive,1,2023-06,2023-07,5,-3.429368258628852,-2.810907586541918,-0.6184606720869339
snowflake,mean,1,2023-06,2023-07,5,-3.429368258628852,-2.28446284266148,-1.1449054159673717
snowflake,drift,1,2023-06,2023-07,5,-3.429368258628852,-2.9597165519557063,-0.4696517066731456
snowflake,ses,1,2023-06,2023-07,5,-3.429368258628852,-2.8070925931017308,-0.6222756655271211
snowflake,holt_damped,1,2023-06,2023-07,5,-3.429368258628852,-2.8399232027962227,-0.5894450558326292
snowflake,loglinear,1,2023-06,2023-07,5,-3.429368258628852,-2.9497251848535413,-0.47964307377531057
snowflake,ar1,1,2023-06,2023-07,5,-3.429368258628852,-2.4958381447272813,-0.9335301139015706
snowflake,naive,1,2023-07,2023-08,6,-3.240854731586976,-3.429368258628852,0.18851352704187585
snowflake,mean,1,2023-07,2023-08,6,-3.240854731586976,-2.475280411989375,-0.7655743195976008
snowflake,drift,1,2023-07,2023-08,6,-3.240854731586976,-3.6564525084881647,0.4155977769011887
snowflake,ses,1,2023-07,2023-08,6,-3.240854731586976,-3.368541766163373,0.12768703457639718
snowflake,holt_damped,1,2023-07,2023-08,6,-3.240854731586976,-3.543772480917722,0.3029177493307458
snowflake,loglinear,1,2023-07,2023-08,6,-3.240854731586976,-3.4385534671426696,0.19769873555569362
snowflake,ar1,1,2023-07,2023-08,6,-3.240854731586976,-3.056087248389028,-0.18476748319794822
snowflake,naive,1,2023-08,2023-09,7,-4.969813299576001,-3.240854731586976,-1.7289585679890247
snowflake,mean,1,2023-08,2023-09,7,-4.969813299576001,-2.5846481719318897,-2.385165127644111
snowflake,drift,1,2023-08,2023-09,7,-4.969813299576001,-3.4085678704604048,-1.561245429115596
snowflake,ses,1,2023-08,2023-09,7,-4.969813299576001,-3.255356316646292,-1.7144569829297085
snowflake,holt_damped,1,2023-08,2023-09,7,-4.969813299576001,-3.291480055588403,-1.6783332439875975
snowflake,loglinear,1,2023-08,2023-09,7,-4.969813299576001,-3.599173969710486,-1.3706393298655146
snowflake,ar1,1,2023-08,2023-09,7,-4.969813299576001,-3.0031105839006305,-1.9667027156753702
snowflake,naive,1,2023-09,2023-10,8,-3.594568774642695,-4.969813299576001,1.3752445249333056
snowflake,mean,1,2023-09,2023-10,8,-3.594568774642695,-2.8827938128874036,-0.7117749617552915
snowflake,drift,1,2023-09,2023-10,8,-3.594568774642695,-5.332682117088879,1.738113342446184
snowflake,ses,1,2023-09,2023-10,8,-3.594568774642695,-4.712644752136544,1.1180759774938491
snowflake,holt_damped,1,2023-09,2023-10,8,-3.594568774642695,-4.929992740390315,1.3354239657476197
snowflake,loglinear,1,2023-09,2023-10,8,-3.594568774642695,-4.476133784537037,0.8815650098943419
snowflake,ar1,1,2023-09,2023-10,8,-3.594568774642695,-4.582846613449602,0.9882778388069071
snowflake,naive,1,2023-10,2023-11,9,-3.648057459593681,-3.594568774642695,-0.05348868495098591
snowflake,mean,1,2023-10,2023-11,9,-3.648057459593681,-2.961879919749103,-0.6861775398445782
snowflake,drift,1,2023-10,2023-11,9,-3.648057459593681,-3.7643138874393305,0.11625642784564949
snowflake,ses,1,2023-10,2023-11,9,-3.648057459593681,-3.861869606638872,0.21381214704519103
snowflake,holt_damped,1,2023-10,2023-11,9,-3.648057459593681,-4.453866268034437,0.805808808440756
snowflake,loglinear,1,2023-10,2023-11,9,-3.648057459593681,-4.453794929913269,0.8057374703195883
snowflake,ar1,1,2023-10,2023-11,9,-3.648057459593681,-3.3070871943507254,-0.3409702652429556
snowflake,naive,1,2023-11,2023-12,10,-2.798297078949988,-3.648057459593681,0.8497603806436929
snowflake,mean,1,2023-11,2023-12,10,-2.798297078949988,-3.0304976737335605,0.23220059478357236
snowflake,drift,1,2023-11,2023-12,10,-2.798297078949988,-3.8061769296057517,1.0078798506557636
snowflake,ses,1,2023-11,2023-12,10,-2.798297078949988,-3.722891711059498,0.92459463210951
snowflake,holt_damped,1,2023-11,2023-12,10,-2.798297078949988,-3.9394844295571647,1.1411873506071766
snowflake,loglinear,1,2023-11,2023-12,10,-2.798297078949988,-4.440487757703122,1.6421906787531335
snowflake,ar1,1,2023-11,2023-12,10,-2.798297078949988,-3.376611972872619,0.5783148939226308
snowflake,naive,2,2023-06,2023-08,5,-3.240854731586976,-2.810907586541918,-0.42994714504505804
snowflake,mean,2,2023-06,2023-08,5,-3.240854731586976,-2.28446284266148,-0.9563918889254959
snowflake,drift,2,2023-06,2023-08,5,-3.240854731586976,-3.108525517369495,-0.132329214217481
snowflake,ses,2,2023-06,2023-08,5,-3.240854731586976,-2.8070925931017308,-0.43376213848524525
snowflake,holt_damped,2,2023-06,2023-08,5,-3.240854731586976,-2.8611027020574795,-0.3797520295294965
snowflake,loglinear,2,2023-06,2023-08,5,-3.240854731586976,-3.1576196667885603,-0.08323506479841569
snowflake,ar1,2,2023-06,2023-08,5,-3.240854731586976,-2.3693331331198384,-0.8715215984671376
snowflake,naive,2,2023-07,2023-09,6,-4.969813299576001,-3.429368258628852,-1.5404450409471488
snowflake,mean,2,2023-07,2023-09,6,-4.969813299576001,-2.475280411989375,-2.4945328875866255
snowflake,drift,2,2023-07,2023-09,6,-4.969813299576001,-3.883536758347477,-1.0862765412285236
snowflake,ses,2,2023-07,2023-09,6,-4.969813299576001,-3.368541766163373,-1.6012715334126275
snowflake,holt_damped,2,2023-07,2023-09,6,-4.969813299576001,-3.7332173091054037,-1.236595990470597
snowflake,loglinear,2,2023-07,2023-09,6,-4.969813299576001,-3.7012643003662955,-1.2685489992097052
snowflake,ar1,2,2023-07,2023-09,6,-4.969813299576001,-2.828850140811257,-2.1409631587647437
snowflake,naive,2,2023-08,2023-10,7,-3.594568774642695,-3.240854731586976,-0.3537140430557191
snowflake,mean,2,2023-08,2023-10,7,-3.594568774642695,-2.5846481719318897,-1.0099206027108054
snowflake,drift,2,2023-08,2023-10,7,-3.594568774642695,-3.576281009333833,-0.018287765308862003
snowflake,ses,2,2023-08,2023-10,7,-3.594568774642695,-3.255356316646292,-0.33921245799640287
snowflake,holt_damped,2,2023-08,2023-10,7,-3.594568774642695,-3.3142737136818248,-0.2802950609608703
snowflake,loglinear,2,2023-08,2023-10,7,-3.594568774642695,-3.84405950710532,0.249490732462625
snowflake,ar1,2,2023-08,2023-10,7,-3.594568774642695,-2.8515013261014204,-0.7430674485412747
snowflake,naive,2,2023-09,2023-11,8,-3.648057459593681,-4.969813299576001,1.3217558399823197
snowflake,mean,2,2023-09,2023-11,8,-3.648057459593681,-2.8827938128874036,-0.7652636467062774
snowflake,drift,2,2023-09,2023-11,8,-3.648057459593681,-5.695550934601757,2.0474934750080758
snowflake,ses,2,2023-09,2023-11,8,-3.648057459593681,-4.712644752136544,1.0645872925428632
snowflake,holt_damped,2,2023-09,2023-11,8,-3.648057459593681,-5.509337473622474,1.861280014028793
snowflake,loglinear,2,2023-09,2023-11,8,-3.648057459593681,-4.820639724353174,1.1725822647594928
snowflake,ar1,2,2023-09,2023-11,8,-3.648057459593681,-4.267629720330283,0.6195722607366019
snowflake,naive,2,2023-10,2023-12,9,-2.798297078949988,-3.594568774642695,0.796271695692707
snowflake,mean,2,2023-10,2023-12,9,-2.798297078949988,-2.961879919749103,0.16358284079911467
snowflake,drift,2,2023-10,2023-12,9,-2.798297078949988,-3.9340590002359663,1.1357619212859782
snowflake,ses,2,2023-10,2023-12,9,-2.798297078949988,-3.861869606638872,1.0635725276888839
snowflake,holt_damped,2,2023-10,2023-12,9,-2.798297078949988,-4.678549006943477,1.880251927993489
snowflake,loglinear,2,2023-10,2023-12,9,-2.798297078949988,-4.745691344945389,1.9473942659954004
snowflake,ar1,2,2023-10,2023-12,9,-2.798297078949988,-3.150231684627152,0.35193460567716395
snowflake,naive,3,2023-06,2023-09,5,-4.969813299576001,-2.810907586541918,-2.1589057130340827
snowflake,mean,3,2023-06,2023-09,5,-4.969813299576001,-2.28446284266148,-2.6853504569145206
snowflake,drift,3,2023-06,2023-09,5,-4.969813299576001,-3.2573344827832833,-1.7124788167927174
snowflake,ses,3,2023-06,2023-09,5,-4.969813299576001,-2.8070925931017308,-2.16272070647427
snowflake,holt_damped,3,2023-06,2023-09,5,-4.969813299576001,-2.8780463014664854,-2.0917669981095153
snowflake,loglinear,3,2023-06,2023-09,5,-4.969813299576001,-3.3655141487235793,-1.6042991508524214
snowflake,ar1,3,2023-06,2023-09,5,-4.969813299576001,-2.3185395116577654,-2.6512737879182353
snowflake,naive,3,2023-07,2023-10,6,-3.594568774642695,-3.429368258628852,-0.16520051601384322
snowflake,mean,3,2023-07,2023-10,6,-3.594568774642695,-2.475280411989375,-1.1192883626533199
snowflake,drift,3,2023-07,2023-10,6,-3.594568774642695,-4.11062100820679,0.5160522335640949
snowflake,ses,3,2023-07,2023-10,6,-3.594568774642695,-3.368541766163373,-0.2260270084793219
snowflake,holt_damped,3,2023-07,2023-10,6,-3.594568774642695,-3.8847731716555494,0.2902043970128543
snowflake,loglinear,3,2023-07,2023-10,6,-3.594568774642695,-3.9639751335899214,0.3694063589472263
snowflake,ar1,3,2023-07,2023-10,6,-3.594568774642695,-2.6905181559424416,-0.9040506187002535
snowflake,naive,3,2023-08,2023-11,7,-3.648057459593681,-3.240854731586976,-0.407202728006705
snowflake,mean,3,2023-08,2023-11,7,-3.648057459593681,-2.5846481719318897,-1.0634092876617913
snowflake,drift,3,2023-08,2023-11,7,-3.648057459593681,-3.743994148207262,0.09593668861358084
snowflake,ses,3,2023-08,2023-11,7,-3.648057459593681,-3.255356316646292,-0.3927011429473888
snowflake,holt_damped,3,2023-08,2023-11,7,-3.648057459593681,-3.332508640156562,-0.3155488194371192
snowflake,loglinear,3,2023-08,2023-11,7,-3.648057459593681,-4.088945044500154,0.4408875849064726
snowflake,ar1,3,2023-08,2023-11,7,-3.648057459593681,-2.7548202204922436,-0.8932372391014374
snowflake,naive,3,2023-09,2023-12,8,-2.798297078949988,-4.969813299576001,2.1715162206260126
snowflake,mean,3,2023-09,2023-12,8,-2.798297078949988,-2.8827938128874036,0.08449673393741541
snowflake,drift,3,2023-09,2023-12,8,-2.798297078949988,-6.058419752114635,3.260122673164647
snowflake,ses,3,2023-09,2023-12,8,-2.798297078949988,-4.712644752136544,1.914347673186556
snowflake,holt_damped,3,2023-09,2023-12,8,-2.798297078949988,-6.07709531218999,3.278798233240002
snowflake,loglinear,3,2023-09,2023-12,8,-2.798297078949988,-5.1651456641693105,2.3668485852193224
snowflake,ar1,3,2023-09,2023-12,8,-2.798297078949988,-4.0108590646895514,1.2125619857395633
