publisher,postings,disclosed,disclosed_pct,companies_carried
via Ladders,62,62,100.0,6
via Relocation Jobs,5,5,100.0,1
via JobServe,4,4,100.0,2
via IT JobServe,3,3,100.0,1
via Abc27 Jobs,1,1,100.0,1
via Built In Austin,1,1,100.0,1
via Careerboard - Georgia Jobs,1,1,100.0,1
via Colorado Jobs - Tarta.ai,1,1,100.0,1
via DirectlyApply,1,1,100.0,1
via IT Jobs For Stevenage Fans,1,1,100.0,1
via InternsGrab,1,1,100.0,1
via LifeworQ,1,1,100.0,1
via Vacancies For Col U Fans,1,1,100.0,1
via WJBF Jobs,1,1,100.0,1
via Ai-Jobs.net,68,59,86.76,4
via My ArkLaMiss Jobs,4,3,75.0,1
via Built In,2,1,50.0,2
via WAVY Jobs,2,1,50.0,2
via WJTV Jobs,2,1,50.0,2
via Indeed,142,49,34.51,6
via AI Careers,3,1,33.33,2
via Talent.com,32,6,18.75,5
via ZipRecruiter,38,6,15.79,3
via LinkedIn,660,48,7.27,6
via Tarta.ai,18,1,5.56,3
via Adzuna,50,1,2.0,4
via BeBee,428,2,0.47,6
via Trabajo.org,374,0,0.0,6
via Snowflake Careers,208,0,0.0,1
via The Muse,120,0,0.0,2
via Recruit.net,92,0,0.0,6
via Nexxt,62,0,0.0,3
via Google Careers,56,0,0.0,1
via BeBee Australia,52,0,0.0,3
via Jobs Trabajo.org,47,0,0.0,5
via BeBee Singapore,46,0,0.0,5
via BeBee Ireland,45,0,0.0,4
via BeBee Costa Rica,43,0,0.0,2
"via Trabajo.org - Vacantes De Empleo, Trabajo",41,0,0.0,3
via BeBee India,39,0,0.0,5
via Microsoft Careers,39,0,0.0,1
via Meta Careers Jobs,38,0,0.0,1
via The IEEE Computer Society,33,0,0.0,2
via Praca Trabajo.org,31,0,0.0,4
via Jora,30,0,0.0,4
via Sercanto,27,0,0.0,5
via Fairygodboss,23,0,0.0,2
via SimplyHired,23,0,0.0,6
via Startup Jobs,22,0,0.0,1
via Lensa,20,0,0.0,3
via BeBee Chile,18,0,0.0,1
via Empregos Trabajo.org,15,0,0.0,4
via Jooble,15,0,0.0,5
via Karkidi,14,0,0.0,2
via BeBee Schweiz,13,0,0.0,5
via Dice,13,0,0.0,1
via Jobgether,13,0,0.0,4
via Linkedin,13,0,0.0,3
via CakeResume,12,0,0.0,2
via Melga,12,0,0.0,4
via Monster,11,0,0.0,1
via WhatJobs,11,0,0.0,2
via Getting Hired,10,0,0.0,1
via LinkedIn Costa Rica,10,0,0.0,2
via Emprego.pt,9,0,0.0,3
via EchoJobs,8,0,0.0,2
via Intellijobs.ai,8,0,0.0,2
via Jobrapido.com,8,0,0.0,5
via Snagajob,8,0,0.0,5
via XING,8,0,0.0,2
via CareerBuilder,7,0,0.0,4
via Catho,7,0,0.0,2
via Kandideeri EE,7,0,0.0,1
via Microsoft - Talentify,7,0,0.0,1
via Workday,7,0,0.0,1
via BeBee Belgique,6,0,0.0,1
via BeBee Canada,6,0,0.0,3
via BeBee Kenya,6,0,0.0,2
via BeBee Portugal,6,0,0.0,3
via Dice.com,6,0,0.0,1
via Meta - Talentify,6,0,0.0,1
via BeBee Israel,5,0,0.0,3
via BeBee Malaysia,5,0,0.0,2
via BeBee México,5,0,0.0,2
via BeBee Nederland,5,0,0.0,2
via DE Jobs,5,0,0.0,3
via GrabJobs,5,0,0.0,2
via LinkedIn Armenia,5,0,0.0,1
via Shine,5,0,0.0,2
via 工作搜索引擎,5,0,0.0,1
via EMPREGO,4,0,0.0,2
via Emplois Trabajo.org,4,0,0.0,3
via Energy Jobline,4,0,0.0,2
via Internships Pool,4,0,0.0,1
via JobLeads,4,0,0.0,4
via LinkedIn Hungary,4,0,0.0,2
via Totaljobs,4,0,0.0,1
via Vacatures Trabajo.org,4,0,0.0,3
via Bayt.com,3,0,0.0,2
via Companies | Imagine Job Board - Imagine Foundation,3,0,0.0,1
via Indeed.ie,3,0,0.0,2
via Jobs | ASU+GSV Summit Job Board - ASU+GSV Summit,3,0,0.0,1
via My Valley Jobs Today,3,0,0.0,2
via Singapore | JobsDB,3,0,0.0,1
via WJHL Jobs,3,0,0.0,1
via Www.internshipersx.cloud,3,0,0.0,1
via 채용 - Jooble,3,0,0.0,1
via BeBee Danmark,2,0,0.0,2
via BeBee South Africa,2,0,0.0,1
via BeBee 香港,2,0,0.0,2
via California Jobs - Tarta.ai🌴,2,0,0.0,2
via ComputerWork,2,0,0.0,1
via FOX44 News Jobs,2,0,0.0,1
via Global Blockchain Business Council,2,0,0.0,1
via Internshiphiive.online,2,0,0.0,1
via Jobg8,2,0,0.0,2
via Jobs In India - Job Vacancies In India,2,0,0.0,1
via Jobsling.net,2,0,0.0,1
via Jobvision.in,2,0,0.0,2
via Lavoro Trabajo.org,2,0,0.0,2
via Snowflake - Talentify,2,0,0.0,1
via The Job,2,0,0.0,2
via Trabajo. Org,2,0,0.0,2
via 工作搜索引擎| SimplyHired,2,0,0.0,1
via 领英(中国),2,0,0.0,1
melalui BeBee Schweiz,1,0,0.0,1
via AI Nudge Jobs,1,0,0.0,1
via ASU+GSV Summit Job Board,1,0,0.0,1
via Accounting Today Jobs,1,0,0.0,1
via Adzuna.nl,1,0,0.0,1
via American Banker Job Board,1,0,0.0,1
via App.otta.com,1,0,0.0,1
"via Atlanta, GA - Geebo",1,0,0.0,1
via BeBee Angola,1,0,0.0,1
via BeBee Colombia,1,0,0.0,1
via BeBee Deutschland,1,0,0.0,1
via BeBee Estonia,1,0,0.0,1
via BeBee Sverige,1,0,0.0,1
via BeBee 日本,1,0,0.0,1
via BeBee 대한민국.,1,0,0.0,1
via Big Bend Holiday Hotel,1,0,0.0,1
via Botzine,1,0,0.0,1
via BrighterMonday,1,0,0.0,1
via CBIRT,1,0,0.0,1
via Central Illinois Proud Jobs,1,0,0.0,1
"via Charlotte, NC - Geebo",1,0,0.0,1
via DEJobs,1,0,0.0,1
via Data-Jobs.ch,1,0,0.0,1
via EMPREGO.pt,1,0,0.0,1
via Emprego,1,0,0.0,1
via Engineering Jobs - Interesting Engineering,1,0,0.0,1
via FOX 5 San Diego Jobs,1,0,0.0,1
via FOX4KC Jobs,1,0,0.0,1
via Foundit.in,1,0,0.0,1
via Freshersvoice,1,0,0.0,1
via Google Operations Center,1,0,0.0,1
via Government Jobs In USA Apply Now! Jobsviser.xyz,1,0,0.0,1
via Govjobvault.com,1,0,0.0,1
via Half The Sky Asia,1,0,0.0,1
via Hispanic American Jobs,1,0,0.0,1
via IT Jobs | IT Careers Canada,1,0,0.0,1
via Indeed 台灣,1,0,0.0,1
via Interesting Engineering,1,0,0.0,1
via InternsVilla | Hub Of Internships -,1,0,0.0,1
via Internships Today - InternshipsToday.online,1,0,0.0,1
via JOBATUS,1,0,0.0,1
via JobMonkeyJobs.com,1,0,0.0,1
via JobTeaser,1,0,0.0,1
via Jobaaj.com,1,0,0.0,1
via Jobisty | USA Job,1,0,0.0,1
via Jobs - The FutureList,1,0,0.0,1
via Jobs Bureau Kenya,1,0,0.0,1
via Jobs In India - Job Vacancies In India - Govhelp.in,1,0,0.0,1
via Jobs | Alkeon Capital Job Board - Alkeon Capital Management,1,0,0.0,1
via Jobs | The FutureList Job Board,1,0,0.0,1
via Jobs.amstat.org,1,0,0.0,1
via Jobs.appcast.io,1,0,0.0,1
via Jobs.com,1,0,0.0,1
via Joinrs,1,0,0.0,1
via Jora UK,1,0,0.0,1
via KSNT Jobs,1,0,0.0,1
via KTSM Jobs,1,0,0.0,1
via Kandideeri.ee,1,0,0.0,1
via Kansas Works Jobs,1,0,0.0,1
via Learn4Good,1,0,0.0,1
via Lightningbolt,1,0,0.0,1
via LinkedIn Belgium,1,0,0.0,1
via LinkedIn Ghana,1,0,0.0,1
via LinkedIn Uruguay,1,0,0.0,1
via LocalJobs.com,1,0,0.0,1
via Louisiana Jobs - Tarta.ai,1,0,0.0,1
via MNC Jobs,1,0,0.0,1
via Media & Entertainment Services Alliance,1,0,0.0,1
via Mendeley,1,0,0.0,1
via Mesa Online,1,0,0.0,1
via Military Spouse Jobs,1,0,0.0,1
via Monster.ca,1,0,0.0,1
via Monster.se,1,0,0.0,1
via My Stateline Jobs,1,0,0.0,1
via MyJobMag,1,0,0.0,1
via NBC4i Jobs,1,0,0.0,1
via Nationale Vacaturebank,1,0,0.0,1
via Ofir,1,0,0.0,1
via Outlookedd.in,1,0,0.0,1
via Pangian,1,0,0.0,1
via Ph.linkedin.com,1,0,0.0,1
via PostJobFree,1,0,0.0,1
via Race Capital,1,0,0.0,1
via Research Park - University Of Illinois Urbana-Champaign,1,0,0.0,1
via Sa.jobmeo.com,1,0,0.0,1
via SpaceTalent Talent Network,1,0,0.0,1
via Stepstone,1,0,0.0,1
via Superdev,1,0,0.0,1
via TechFinitive Job,1,0,0.0,1
via Techit דרושים,1,0,0.0,1
via The Ad Club Job Board,1,0,0.0,1
via The Hill Jobs,1,0,0.0,1
via The Hill Jobs Powered By Jobbio Job Search,1,0,0.0,1
via The SOCMA Career Center,1,0,0.0,1
via TimesJobs,1,0,0.0,1
via Trabajo En Chile,1,0,0.0,1
via Työpaikat | Indeed,1,0,0.0,1
via WANE Jobs,1,0,0.0,1
via WIRED Hired,1,0,0.0,1
via WREG Jobs,1,0,0.0,1
via WeLoveProduct,1,0,0.0,1
via Www.internshipool.online,1,0,0.0,1
via Www.internshippool.online,1,0,0.0,1
via Www.internshippot.cloud,1,0,0.0,1
via Www.internshipspod.online,1,0,0.0,1
via Www.internshiptoday.online,1,0,0.0,1
via Www.jobsiuk.online,1,0,0.0,1
via Your Prime Source For Jobs In The USA & UK,1,0,0.0,1
via YourInternship.online,1,0,0.0,1
via إنديد,1,0,0.0,1
via 台湾職缺 - Jooble,1,0,0.0,1
via 领英,1,0,0.0,1
via 인디드,1,0,0.0,1
