publisher,companies_with_any,companies_at_floor,companies,pairs_available,min_cell
via Ai-Jobs.net,3,3,"databricks, google, snowflake",3,5
via Indeed,5,3,"meta, microsoft, nvidia",3,5
via Ladders,6,2,"google, meta",1,5
via ZipRecruiter,1,1,meta,0,5
via Talent.com,2,1,microsoft,0,5
via Relocation Jobs,1,1,meta,0,5
via LinkedIn,2,1,meta,0,5
via WJTV Jobs,1,0,,0,5
via WJBF Jobs,1,0,,0,5
via WAVY Jobs,1,0,,0,5
via Vacancies For Col U Fans,1,0,,0,5
via Tarta.ai,1,0,,0,5
via My ArkLaMiss Jobs,1,0,,0,5
via LifeworQ,1,0,,0,5
via AI Careers,1,0,,0,5
via JobServe,2,0,,0,5
via Abc27 Jobs,1,0,,0,5
via IT Jobs For Stevenage Fans,1,0,,0,5
via IT JobServe,1,0,,0,5
via DirectlyApply,1,0,,0,5
via Colorado Jobs - Tarta.ai,1,0,,0,5
via Careerboard - Georgia Jobs,1,0,,0,5
via Built In Austin,1,0,,0,5
via Built In,1,0,,0,5
via BeBee,2,0,,0,5
via Adzuna,1,0,,0,5
via InternsGrab,1,0,,0,5
