company,skill,crude_share_of_skilled,standardised_share,mix_effect,weight_covered,strata_used
databricks,Python,0.5912,0.6235,-0.0323,0.976,5
databricks,SQL,0.5412,0.6345,-0.0933,0.976,5
databricks,R,0.15,0.2569,-0.1069,0.976,5
databricks,Java,0.2794,0.1763,0.1031,0.976,5
databricks,Spark,0.7235,0.708,0.0155,0.976,5
databricks,Azure,0.4265,0.3538,0.0727,0.976,5
databricks,C++,0.1029,0.0651,0.0379,0.976,5
databricks,Snowflake,0.0,0.0,0.0,0.976,5
databricks,Excel,0.7735,0.8008,-0.0273,0.976,5
databricks,Hadoop,0.3529,0.2233,0.1297,0.976,5
databricks,Scala,0.4971,0.4419,0.0551,0.976,5
databricks,Databricks,0.9941,0.9937,0.0004,0.976,5
databricks,AWS,0.4853,0.4533,0.032,0.976,5
databricks,C#,0.0118,0.0074,0.0043,0.976,5
databricks,Go,0.0824,0.05,0.0323,0.976,5
databricks,GCP,0.3324,0.2943,0.0381,0.976,5
databricks,Tableau,0.1941,0.223,-0.0289,0.976,5
databricks,Machine Learning,0.0559,0.0665,-0.0106,0.976,5
databricks,TensorFlow,0.0206,0.013,0.0076,0.976,5
databricks,Kubernetes,0.05,0.0316,0.0184,0.976,5
databricks,JavaScript,0.0118,0.0074,0.0043,0.976,5
databricks,pandas,0.0794,0.1124,-0.033,0.976,5
databricks,Kafka,0.2647,0.1674,0.0973,0.976,5
databricks,PyTorch,0.0206,0.013,0.0076,0.976,5
databricks,Linux,0.0206,0.013,0.0076,0.976,5
google,Python,0.6305,0.6585,-0.028,0.9936,6
google,SQL,0.4322,0.393,0.0392,0.9936,6
google,R,0.3627,0.3157,0.0471,0.9936,6
google,Java,0.2237,0.2625,-0.0387,0.9936,6
google,Spark,0.061,0.0785,-0.0174,0.9936,6
google,Azure,0.0085,0.0124,-0.0039,0.9936,6
google,C++,0.1729,0.1879,-0.015,0.9936,6
google,Snowflake,0.0254,0.0179,0.0075,0.9936,6
google,Excel,0.0136,0.0137,-0.0002,0.9936,6
google,Hadoop,0.0983,0.1278,-0.0295,0.9936,6
google,Scala,0.0898,0.0808,0.009,0.9936,6
google,Databricks,0.0,0.0,0.0,0.9936,6
google,AWS,0.0085,0.0124,-0.0039,0.9936,6
google,C#,0.0237,0.0301,-0.0064,0.9936,6
google,Go,0.1593,0.1736,-0.0143,0.9936,6
google,GCP,0.0407,0.0438,-0.0031,0.9936,6
google,Tableau,0.0508,0.0448,0.006,0.9936,6
google,Machine Learning,0.1034,0.1181,-0.0147,0.9936,6
google,TensorFlow,0.1203,0.1493,-0.029,0.9936,6
google,Kubernetes,0.0203,0.0253,-0.005,0.9936,6
google,JavaScript,0.1237,0.1223,0.0014,0.9936,6
google,pandas,0.0288,0.0254,0.0034,0.9936,6
google,Kafka,0.0068,0.0048,0.002,0.9936,6
google,PyTorch,0.0305,0.0399,-0.0094,0.9936,6
google,Linux,0.0831,0.0571,0.0259,0.9936,6
meta,Python,0.8687,0.7959,0.0728,0.9315,5
meta,SQL,0.8568,0.7271,0.1297,0.9315,5
meta,R,0.5525,0.3875,0.165,0.9315,5
meta,Java,0.0859,0.1216,-0.0357,0.9315,5
meta,Spark,0.1002,0.1207,-0.0205,0.9315,5
meta,Azure,0.0286,0.0782,-0.0495,0.9315,5
meta,C++,0.1647,0.1621,0.0026,0.9315,5
meta,Snowflake,0.0012,0.0006,0.0006,0.9315,5
meta,Excel,0.0298,0.0207,0.0091,0.9315,5
meta,Hadoop,0.1456,0.127,0.0186,0.9315,5
meta,Scala,0.1134,0.1197,-0.0063,0.9315,5
meta,Databricks,0.0084,0.0107,-0.0024,0.9315,5
meta,AWS,0.0191,0.0635,-0.0444,0.9315,5
meta,C#,0.1086,0.0934,0.0152,0.9315,5
meta,Go,0.0227,0.0187,0.0039,0.9315,5
meta,GCP,0.0012,0.0011,0.0001,0.9315,5
meta,Tableau,0.105,0.0877,0.0173,0.9315,5
meta,Machine Learning,0.1181,0.1244,-0.0062,0.9315,5
meta,TensorFlow,0.0382,0.0319,0.0062,0.9315,5
meta,Kubernetes,0.0,0.0,0.0,0.9315,5
meta,JavaScript,0.0203,0.0571,-0.0368,0.9315,5
meta,pandas,0.0513,0.0424,0.0089,0.9315,5
meta,Kafka,0.0,0.0,0.0,0.9315,5
meta,PyTorch,0.0477,0.0398,0.0079,0.9315,5
meta,Linux,0.0084,0.0249,-0.0166,0.9315,5
microsoft,Python,0.4742,0.4755,-0.0013,0.9139,4
microsoft,SQL,0.4167,0.4878,-0.0711,0.9139,4
microsoft,R,0.1508,0.1499,0.0009,0.9139,4
microsoft,Java,0.2778,0.2687,0.0091,0.9139,4
microsoft,Spark,0.2837,0.3082,-0.0245,0.9139,4
microsoft,Azure,0.627,0.6163,0.0106,0.9139,4
microsoft,C++,0.2024,0.215,-0.0126,0.9139,4
microsoft,Snowflake,0.0397,0.0455,-0.0058,0.9139,4
microsoft,Excel,0.0774,0.1327,-0.0553,0.9139,4
microsoft,Hadoop,0.1587,0.1547,0.0041,0.9139,4
microsoft,Scala,0.0575,0.0632,-0.0057,0.9139,4
microsoft,Databricks,0.1329,0.1574,-0.0245,0.9139,4
microsoft,AWS,0.0913,0.0834,0.0078,0.9139,4
microsoft,C#,0.3631,0.3666,-0.0035,0.9139,4
microsoft,Go,0.0496,0.039,0.0106,0.9139,4
microsoft,GCP,0.0456,0.0351,0.0106,0.9139,4
microsoft,Tableau,0.0575,0.079,-0.0215,0.9139,4
microsoft,Machine Learning,0.0218,0.0153,0.0066,0.9139,4
microsoft,TensorFlow,0.0794,0.0606,0.0188,0.9139,4
microsoft,Kubernetes,0.0774,0.0756,0.0017,0.9139,4
microsoft,JavaScript,0.0873,0.0863,0.001,0.9139,4
microsoft,pandas,0.0258,0.019,0.0068,0.9139,4
microsoft,Kafka,0.0397,0.0454,-0.0057,0.9139,4
microsoft,PyTorch,0.0873,0.0658,0.0215,0.9139,4
microsoft,Linux,0.0496,0.0465,0.0031,0.9139,4
nvidia,Python,0.6552,0.6823,-0.0272,0.976,5
nvidia,SQL,0.2284,0.2565,-0.028,0.976,5
nvidia,R,0.0388,0.0493,-0.0105,0.976,5
nvidia,Java,0.1681,0.1291,0.039,0.976,5
nvidia,Spark,0.2931,0.2764,0.0167,0.976,5
nvidia,Azure,0.0819,0.0639,0.018,0.976,5
nvidia,C++,0.2328,0.2312,0.0016,0.976,5
nvidia,Snowflake,0.0043,0.0032,0.0012,0.976,5
nvidia,Excel,0.0388,0.0503,-0.0115,0.976,5
nvidia,Hadoop,0.1379,0.109,0.029,0.976,5
nvidia,Scala,0.1121,0.0899,0.0222,0.976,5
nvidia,Databricks,0.0259,0.019,0.0069,0.976,5
nvidia,AWS,0.1379,0.1133,0.0246,0.976,5
nvidia,C#,0.0,0.0,0.0,0.976,5
nvidia,Go,0.125,0.1016,0.0234,0.976,5
nvidia,GCP,0.0431,0.0345,0.0086,0.976,5
nvidia,Tableau,0.069,0.1045,-0.0356,0.976,5
nvidia,Machine Learning,0.056,0.0616,-0.0056,0.976,5
nvidia,TensorFlow,0.1724,0.1972,-0.0248,0.976,5
nvidia,Kubernetes,0.2802,0.2729,0.0073,0.976,5
nvidia,JavaScript,0.0172,0.0126,0.0046,0.976,5
nvidia,pandas,0.0948,0.1014,-0.0065,0.976,5
nvidia,Kafka,0.1336,0.1021,0.0315,0.976,5
nvidia,PyTorch,0.2112,0.2432,-0.032,0.976,5
nvidia,Linux,0.2845,0.2787,0.0058,0.976,5
snowflake,Python,0.5403,0.6624,-0.1221,0.976,5
snowflake,SQL,0.6253,0.7065,-0.0813,0.976,5
snowflake,R,0.122,0.1052,0.0168,0.976,5
snowflake,Java,0.4619,0.2873,0.1745,0.976,5
snowflake,Spark,0.2048,0.1533,0.0515,0.976,5
snowflake,Azure,0.2985,0.2321,0.0663,0.976,5
snowflake,C++,0.2179,0.1402,0.0777,0.976,5
snowflake,Snowflake,0.9935,0.9961,-0.0026,0.976,5
snowflake,Excel,0.3442,0.3925,-0.0483,0.976,5
snowflake,Hadoop,0.0675,0.0421,0.0254,0.976,5
snowflake,Scala,0.1089,0.069,0.0399,0.976,5
snowflake,Databricks,0.0065,0.0039,0.0026,0.976,5
snowflake,AWS,0.3028,0.2348,0.0681,0.976,5
snowflake,C#,0.0022,0.0013,0.0009,0.976,5
snowflake,Go,0.1678,0.1102,0.0576,0.976,5
snowflake,GCP,0.1721,0.1536,0.0185,0.976,5
snowflake,Tableau,0.0305,0.0444,-0.0139,0.976,5
snowflake,Machine Learning,0.0261,0.0294,-0.0033,0.976,5
snowflake,TensorFlow,0.0479,0.0585,-0.0106,0.976,5
snowflake,Kubernetes,0.1068,0.0897,0.017,0.976,5
snowflake,JavaScript,0.0937,0.0563,0.0374,0.976,5
snowflake,pandas,0.1155,0.2217,-0.1063,0.976,5
snowflake,Kafka,0.0697,0.0426,0.0271,0.976,5
snowflake,PyTorch,0.0458,0.057,-0.0113,0.976,5
snowflake,Linux,0.0414,0.0506,-0.0092,0.976,5
